InvoiceNo,ProductName,ProductCode,CustomerID,Quantity,UnitPrice,Revenue,PaymentMethod,Country,InvoiceDate
INV100000,USB Keyboard,P1002,10106,7,239.98,1679.86,Credit Card,Australia,2023-09-28
INV100002,Noise Cancelling Headphones,P1009,10087,3,34.49,103.47,PayPal,Australia,2024-04-03
INV100003,Gaming Mousepad,P1007,10130,5,182.33,911.65,Debit Card,India,2024-10-25
INV100004,Unknown,P1007,10491,6,21.64,129.84,Credit Card,UK,2023-12-10
INV100005,USB Keyboard,P1002,10160,6,5.23,31.38,Credit Card,UK,2023-10-04
INV100006,USB-C Hub,P1008,10474,6,7.08,42.48,UPI,Canada,2024-07-14
INV100007,LED Desk Lamp,P1010,10319,3,117.83,353.49,Credit Card,India,2023-09-01
INV100008,Bluetooth Speaker,P1004,10020,9,18.7,168.3,Credit Card,France,2024-10-08
INV100009,Gaming Mousepad,P1007,10088,9,24.19,217.71,UPI,UK,2024-01-23
INV100010,Unknown,P1004,10052,2,118.7,237.4,PayPal,India,2023-12-12
INV100011,Laptop Stand,P1003,10443,2,206.85,413.7,PayPal,UK,2024-01-02
INV100012,Bluetooth Speaker,P1004,10205,7,184.95,1294.65,Credit Card,USA,2023-02-04
INV100013,External Hard Drive,P1006,10001,1,81.34,81.34,UPI,Canada,2024-01-23
INV100014,Bluetooth Speaker,P1004,10190,6,66.34,398.04,Debit Card,Germany,2024-04-21
INV100015,Webcam HD,P1005,10201,2,233.66,467.32,PayPal,Australia,2023-06-11
INV100016,Gaming Mousepad,P1007,10455,4,181.38,725.52,PayPal,USA,2023-09-28
INV100017,USB-C Hub,P1008,10212,7,158.65,1110.55,Debit Card,Australia,2023-10-23
INV100018,Gaming Mousepad,P1007,10251,2,164.21,328.42,PayPal,Germany,2023-08-05
INV100020,Noise Cancelling Headphones,P1009,10491,7,129.9,909.3,Net Banking,Unknown,2023-05-09
INV100021,Laptop Stand,P1003,10498,8,6.63,53.04,PayPal,UK,2023-05-19
INV100022,Laptop Stand,P1003,10288,1,214.85,214.85,PayPal,France,2024-02-23
INV100023,LED Desk Lamp,P1010,10027,5,278.26,1391.3,PayPal,France,2023-02-10
INV100024,Wireless Mouse,P1001,10047,7,255.76,1790.32,UPI,UK,2023-02-02
INV100025,Bluetooth Speaker,P1004,10171,7,96.74,677.18,Net Banking,India,2023-04-09
INV100026,USB Keyboard,P1002,10448,8,86.04,688.32,Net Banking,Australia,2024-06-30
INV100027,Noise Cancelling Headphones,P1009,10130,3,40.28,120.84,PayPal,USA,2024-04-06
INV100028,Bluetooth Speaker,P1004,10254,1,217.91,217.91,Net Banking,UK,2024-05-17
INV100029,Noise Cancelling Headphones,P1009,10014,7,16.93,118.51,PayPal,Unknown,2023-07-26
INV100030,Noise Cancelling Headphones,P1009,10051,3,14.27,42.81,Credit Card,Australia,2023-08-29
INV100031,Bluetooth Speaker,P1004,10230,4,272.73,1090.92,Debit Card,Canada,2024-02-11
INV100032,Webcam HD,P1005,10242,4,283.14,1132.56,PayPal,Canada,2024-11-29
INV100033,USB-C Hub,P1008,10044,6,264.74,1588.44,Credit Card,India,2024-11-12
INV100034,Gaming Mousepad,P1007,10107,9,36.12,325.08,Credit Card,India,2023-01-28
INV100035,Wireless Mouse,P1001,10127,4,268.3,1073.2,Debit Card,USA,2023-11-27
INV100036,Bluetooth Speaker,P1004,10189,7,269.35,1885.45,Debit Card,Germany,2023-08-19
INV100037,USB Keyboard,P1002,10445,1,85.28,85.28,PayPal,India,2023-10-10
INV100038,Wireless Mouse,P1001,10358,9,246.31,2216.79,Net Banking,USA,2023-09-16
INV100039,Unknown,P1008,10317,6,155.67,934.02,Net Banking,USA,2024-10-10
INV100040,Wireless Mouse,P1001,10171,5,209.27,1046.35,UPI,Germany,2023-08-22
INV100041,Gaming Mousepad,P1007,10159,8,283.16,2265.28,Net Banking,Australia,2024-01-09
INV100042,Unknown,P1003,10317,8,212.39,1699.12,PayPal,Australia,2023-04-23
INV100043,Wireless Mouse,P1001,10294,1,79.91,79.91,PayPal,Canada,2023-09-25
INV100044,Laptop Stand,P1003,10112,2,215.12,430.24,PayPal,India,2024-09-04
INV100045,USB Keyboard,P1002,10001,8,15.88,127.04,Debit Card,Canada,2023-04-23
INV100046,LED Desk Lamp,P1010,10384,2,126.26,252.52,PayPal,Canada,2023-08-13
INV100047,Noise Cancelling Headphones,P1009,10171,3,205.81,617.43,Debit Card,UK,2023-02-22
INV100048,Webcam HD,P1005,10202,6,76.41,458.46,Credit Card,UK,2024-03-14
INV100049,Wireless Mouse,P1001,10279,8,75.1,600.8,PayPal,India,2023-10-21
INV100050,Bluetooth Speaker,P1004,10469,5,191.53,957.65,Debit Card,India,2023-07-17
INV100051,External Hard Drive,P1006,10325,1,49.46,49.46,PayPal,UK,2023-07-06
INV100052,Noise Cancelling Headphones,P1009,10345,3,3710.26,11130.78,Credit Card,Australia,2024-02-07
INV100053,Laptop Stand,P1003,10351,3,243.8,731.4,UPI,USA,2023-05-28
INV100054,Webcam HD,P1005,10038,7,56.44,395.08,UPI,Australia,2024-10-01
INV100055,Noise Cancelling Headphones,P1009,10433,2,252.12,504.24,Net Banking,India,2024-04-17
INV100056,Webcam HD,P1005,10098,7,164.73,1153.11,Debit Card,UK,2023-10-25
INV100058,Noise Cancelling Headphones,P1009,10384,9,157.41,1416.69,Debit Card,Germany,2023-01-02
INV100059,Wireless Mouse,P1001,10232,5,270.62,1353.1,Credit Card,France,2023-01-09
INV100060,External Hard Drive,P1006,10130,3,211.61,634.83,PayPal,France,2023-07-27
INV100061,Gaming Mousepad,P1007,10160,4,266.69,1066.76,Debit Card,USA,2023-04-30
INV100062,Laptop Stand,P1003,10455,8,256.02,2048.16,Net Banking,UK,2024-09-16
INV100063,Bluetooth Speaker,P1004,10226,4,270.07,1080.28,Credit Card,France,2023-09-11
INV100064,USB-C Hub,P1008,10193,9,200.73,1806.57,Debit Card,UK,2023-12-04
INV100065,Bluetooth Speaker,P1004,10483,6,137.29,823.74,Credit Card,France,2024-11-11
INV100066,Webcam HD,P1005,10276,1,10.33,10.33,PayPal,France,2024-02-02
INV100067,External Hard Drive,P1006,10134,4,113.11,452.44,PayPal,USA,2024-01-27
INV100068,Webcam HD,P1005,10175,3,199.0,597.0,UPI,France,2023-02-02
INV100069,Gaming Mousepad,P1007,10237,3,192.72,578.16,Debit Card,Canada,2023-01-22
INV100070,Webcam HD,P1005,10437,6,293.77,1762.62,PayPal,France,2024-07-16
INV100071,Bluetooth Speaker,P1004,10276,8,191.19,1529.52,PayPal,UK,2023-08-14
INV100072,External Hard Drive,P1006,10452,1,175.19,175.19,UPI,Canada,2024-04-25
INV100073,Gaming Mousepad,P1007,10048,3,173.74,521.22,Net Banking,USA,2023-07-11
INV100074,Gaming Mousepad,P1007,10476,1,298.39,298.39,Net Banking,UK,2023-06-07
INV100075,Noise Cancelling Headphones,P1009,10279,5,265.63,1328.15,PayPal,France,2023-02-06
INV100076,LED Desk Lamp,P1010,10098,1,168.07,168.07,PayPal,USA,2024-08-29
INV100077,USB-C Hub,P1008,10468,1,27.23,27.23,Credit Card,Australia,2023-09-10
INV100078,Webcam HD,P1005,10127,7,84.2,589.4,Debit Card,France,2023-11-19
INV100080,LED Desk Lamp,P1010,10287,3,173.17,519.51,PayPal,Australia,2024-09-17
INV100081,Bluetooth Speaker,P1004,10154,6,110.8,664.8,Credit Card,USA,2024-09-30
INV100082,USB Keyboard,P1002,10416,2,100.15,200.3,PayPal,Australia,2023-04-14
INV100083,USB-C Hub,P1008,10038,9,212.23,1910.07,Debit Card,Germany,2023-06-25
INV100084,USB-C Hub,P1008,10012,7,128.84,901.88,Net Banking,France,2024-02-12
INV100085,LED Desk Lamp,P1010,10019,7,152.95,1070.65,Net Banking,Canada,2024-11-15
INV100086,Laptop Stand,P1003,10141,1,25.93,25.93,UPI,USA,2024-02-04
INV100087,Noise Cancelling Headphones,P1009,10353,3,104.71,314.13,UPI,Australia,2023-04-02
INV100088,Bluetooth Speaker,P1004,10152,2,134.35,268.7,Debit Card,USA,2023-02-20
INV100089,Bluetooth Speaker,P1004,10304,6,179.3,1075.8,Net Banking,Unknown,2023-12-08
INV100090,External Hard Drive,P1006,10490,4,16.46,65.84,Net Banking,Germany,2023-02-23
INV100091,LED Desk Lamp,P1010,10059,5,159.06,795.3,Net Banking,Canada,2023-02-22
INV100092,USB-C Hub,P1008,10046,5,4368.09,21840.45,Net Banking,France,2023-12-16
INV100093,Unknown,P1009,10268,3,193.04,579.12,Net Banking,USA,2024-10-17
INV100094,Bluetooth Speaker,P1004,10146,2,157.31,314.62,Net Banking,Australia,2024-10-31
INV100095,Laptop Stand,P1003,10057,1,122.65,122.65,Credit Card,Canada,2024-08-26
INV100096,Gaming Mousepad,P1007,10116,7,79.0,553.0,Debit Card,Germany,2024-04-18
INV100097,USB-C Hub,P1008,10057,7,131.35,919.45,UPI,Germany,2024-10-02
INV100098,External Hard Drive,P1006,10125,1,135.49,135.49,Net Banking,Unknown,2023-04-06
INV100099,Webcam HD,P1005,10236,6,215.81,1294.86,UPI,India,2024-05-02
INV100100,Bluetooth Speaker,P1004,10486,5,193.29,966.45,Credit Card,France,2023-07-08
INV100101,Bluetooth Speaker,P1004,10450,5,185.46,927.3,Net Banking,USA,2023-09-04
INV100102,USB Keyboard,P1002,10284,3,228.56,685.68,UPI,France,2024-11-27
INV100103,Laptop Stand,P1003,10237,5,32.78,163.9,Debit Card,France,2023-04-04
INV100104,Webcam HD,P1005,10473,4,56.72,226.88,Net Banking,Australia,2023-08-06
INV100105,Gaming Mousepad,P1007,10253,5,144.67,723.35,Debit Card,France,2023-10-16
INV100106,USB Keyboard,P1002,10245,5,122.56,612.8,Credit Card,France,2024-06-05
INV100107,LED Desk Lamp,P1010,10222,5,266.57,1332.85,Credit Card,UK,2023-06-29
INV100108,Noise Cancelling Headphones,P1009,10492,3,153.43,460.29,Credit Card,Germany,2023-11-21
INV100109,Gaming Mousepad,P1007,10246,4,186.68,746.72,Debit Card,Australia,2023-12-02
INV100110,Gaming Mousepad,P1007,10474,2,12.82,25.64,PayPal,Canada,2023-06-09
INV100111,USB-C Hub,P1008,10162,4,174.76,699.04,Debit Card,UK,2024-11-20
INV100112,USB Keyboard,P1002,10426,1,140.18,140.18,PayPal,Canada,2024-11-21
INV100113,Gaming Mousepad,P1007,10416,5,189.65,948.25,Debit Card,Germany,2024-07-30
INV100114,External Hard Drive,P1006,10284,8,272.08,2176.64,UPI,Australia,2024-07-09
INV100115,Noise Cancelling Headphones,P1009,10263,2,3473.02,6946.04,Net Banking,Australia,2023-03-31
INV100116,USB-C Hub,P1008,10313,2,81.9,163.8,Net Banking,Australia,2023-07-15
INV100117,USB-C Hub,P1008,10412,5,107.76,538.8,Debit Card,Australia,2023-03-16
INV100118,Webcam HD,P1005,10248,8,221.85,1774.8,Net Banking,UK,2023-10-04
INV100119,Noise Cancelling Headphones,P1009,10407,4,57.34,229.36,Debit Card,UK,2024-04-01
INV100120,USB Keyboard,P1002,10465,3,297.2,891.6,Debit Card,France,2024-07-01
INV100121,Bluetooth Speaker,P1004,10150,1,234.04,234.04,PayPal,France,2024-10-25
INV100122,LED Desk Lamp,P1010,10012,5,75.39,376.95,UPI,USA,2024-11-25
INV100123,Laptop Stand,P1003,10368,7,227.59,1593.13,Credit Card,India,2023-09-30
INV100124,Noise Cancelling Headphones,P1009,10396,4,248.8,995.2,Net Banking,France,2023-12-08
INV100125,USB Keyboard,P1002,10444,3,119.81,359.43,UPI,Germany,2024-01-31
INV100126,Unknown,P1003,10454,9,254.91,2294.19,Credit Card,India,2023-09-22
INV100127,Gaming Mousepad,P1007,10143,4,174.16,696.64,Debit Card,USA,2024-01-02
INV100128,LED Desk Lamp,P1010,10024,5,32.05,160.25,Net Banking,Canada,2024-01-31
INV100129,LED Desk Lamp,P1010,10052,4,203.39,813.56,Net Banking,Germany,2024-04-28
INV100130,USB-C Hub,P1008,10108,7,235.48,1648.36,PayPal,Canada,2023-02-08
INV100131,Wireless Mouse,P1001,10222,5,150.85,754.25,Debit Card,USA,2024-02-02
INV100132,Webcam HD,P1005,10330,5,222.43,1112.15,Debit Card,India,2023-08-23
INV100133,Wireless Mouse,P1001,10073,2,290.75,581.5,Debit Card,India,2023-01-09
INV100134,Webcam HD,P1005,10173,1,34.83,34.83,Debit Card,Australia,2024-06-02
INV100135,Webcam HD,P1005,10193,8,26.47,211.76,Net Banking,USA,2024-09-25
INV100136,USB Keyboard,P1002,10338,5,156.43,782.15,Debit Card,France,2024-02-26
INV100137,USB Keyboard,P1002,10499,8,115.41,923.28,PayPal,France,2023-12-08
INV100138,Webcam HD,P1005,10300,1,284.44,284.44,UPI,Germany,2023-08-05
INV100139,Noise Cancelling Headphones,P1009,10414,4,108.31,433.24,UPI,Germany,2023-09-09
INV100140,LED Desk Lamp,P1010,10166,3,234.26,702.78,PayPal,France,2023-07-01
INV100141,LED Desk Lamp,P1010,10172,3,37.8,113.4,PayPal,UK,2024-03-26
INV100142,Wireless Mouse,P1001,10147,2,143.25,286.5,UPI,Germany,2023-02-27
INV100143,Laptop Stand,P1003,10422,8,39.67,317.36,Net Banking,India,2023-12-27
INV100144,External Hard Drive,P1006,10189,1,205.91,205.91,UPI,USA,2023-12-14
INV100145,Gaming Mousepad,P1007,10408,9,115.59,1040.31,PayPal,France,2024-01-04
INV100146,Wireless Mouse,P1001,10133,8,160.87,1286.96,Net Banking,France,2023-04-27
INV100148,Wireless Mouse,P1001,10019,5,79.63,398.15,Net Banking,Australia,2024-10-20
INV100149,Wireless Mouse,P1001,10304,9,159.31,1433.79,Net Banking,Germany,2023-08-21
INV100150,USB Keyboard,P1002,10143,1,190.13,190.13,Debit Card,Australia,2023-09-16
INV100151,Webcam HD,P1005,10329,7,18.41,128.87,Credit Card,France,2023-01-12
INV100152,USB-C Hub,P1008,10155,8,121.38,971.04,UPI,Australia,2024-02-12
INV100153,Noise Cancelling Headphones,P1009,10163,5,86.83,434.15,Debit Card,Germany,2023-12-14
INV100154,USB-C Hub,P1008,10027,8,109.24,873.92,Debit Card,Canada,2023-06-27
INV100155,USB Keyboard,P1002,10446,5,292.45,1462.25,PayPal,France,2024-05-16
INV100156,Webcam HD,P1005,10219,1,87.53,87.53,PayPal,Canada,2024-04-05
INV100157,USB-C Hub,P1008,10370,3,247.65,742.95,PayPal,UK,2024-08-16
INV100158,Noise Cancelling Headphones,P1009,10009,5,185.96,929.8,Unknown,Australia,2024-03-25
INV100159,LED Desk Lamp,P1010,10364,8,263.62,2108.96,Net Banking,UK,2023-09-08
INV100160,Gaming Mousepad,P1007,10064,5,12.78,63.9,Net Banking,USA,2024-01-09
INV100161,Wireless Mouse,P1001,10266,2,296.25,592.5,Net Banking,India,2023-06-26
INV100162,USB Keyboard,P1002,10341,5,226.13,1130.65,Debit Card,Germany,2023-08-05
INV100163,USB Keyboard,P1002,10104,1,252.31,252.31,Net Banking,Australia,2024-09-01
INV100164,USB Keyboard,P1002,10495,3,44.49,133.47,UPI,Germany,2024-02-09
INV100165,USB-C Hub,P1008,10357,7,260.09,1820.63,UPI,Australia,2024-10-06
INV100166,Bluetooth Speaker,P1004,10164,3,168.85,506.55,Credit Card,Australia,2024-07-18
INV100168,Webcam HD,P1005,10448,1,286.45,286.45,PayPal,Germany,2024-03-21
INV100169,Laptop Stand,P1003,10347,1,228.31,228.31,Unknown,Canada,2023-02-03
INV100170,USB-C Hub,P1008,10161,8,11.54,92.32,Net Banking,Unknown,2023-09-07
INV100171,Webcam HD,P1005,10267,6,232.83,1396.98,PayPal,UK,2023-11-02
INV100172,Laptop Stand,P1003,10477,1,167.81,167.81,Net Banking,UK,2024-01-24
INV100173,Webcam HD,P1005,10406,9,179.04,1611.36,Net Banking,France,2023-10-30
INV100174,USB Keyboard,P1002,10074,5,187.99,939.95,UPI,Australia,2024-07-31
INV100175,Wireless Mouse,P1001,10097,3,271.43,814.29,Credit Card,Canada,2023-11-02
INV100176,LED Desk Lamp,P1010,10446,2,120.71,241.42,Debit Card,France,2024-03-10
INV100177,LED Desk Lamp,P1010,10480,2,107.74,215.48,Debit Card,UK,2023-06-15
INV100178,USB Keyboard,P1002,10246,8,273.59,2188.72,Credit Card,Germany,2024-06-25
INV100179,LED Desk Lamp,P1010,10183,3,210.8,632.4,Net Banking,UK,2023-05-18
INV100180,Laptop Stand,P1003,10339,1,150.17,150.17,PayPal,UK,2024-05-22
INV100181,Noise Cancelling Headphones,P1009,10449,8,18.53,148.24,Net Banking,France,2023-02-22
INV100182,Webcam HD,P1005,10182,3,163.49,490.47,Debit Card,India,2024-10-24
INV100183,Bluetooth Speaker,P1004,10387,6,210.81,1264.86,PayPal,France,2023-12-26
INV100184,External Hard Drive,P1006,10154,8,126.44,1011.52,Net Banking,India,2023-07-14
INV100185,External Hard Drive,P1006,10402,2,182.57,365.14,UPI,France,2023-02-20
INV100186,USB Keyboard,P1002,10169,5,54.84,274.2,UPI,Canada,2024-08-26
INV100187,LED Desk Lamp,P1010,10132,6,31.17,187.02,UPI,Australia,2024-05-27
INV100188,Gaming Mousepad,P1007,10033,9,110.02,990.18,Credit Card,Germany,2023-02-15
INV100189,USB Keyboard,P1002,10281,1,153.51,153.51,PayPal,UK,2023-03-14
INV100190,Gaming Mousepad,P1007,10238,9,146.94,1322.46,Credit Card,Australia,2023-08-02
INV100191,USB-C Hub,P1008,10060,8,262.71,2101.68,Unknown,Australia,2023-02-17
INV100192,Bluetooth Speaker,P1004,10007,1,86.68,86.68,UPI,India,2023-09-14
INV100193,Noise Cancelling Headphones,P1009,10206,1,181.2,181.2,Debit Card,UK,2024-11-22
INV100194,USB Keyboard,P1002,10027,8,147.93,1183.44,PayPal,USA,2024-04-18
INV100195,Wireless Mouse,P1001,10364,7,161.72,1132.04,PayPal,France,2024-01-21
INV100196,Bluetooth Speaker,P1004,10110,8,44.27,354.16,Debit Card,USA,2023-01-03
INV100197,External Hard Drive,P1006,10492,7,155.94,1091.58,Debit Card,UK,2024-05-22
INV100198,Laptop Stand,P1003,10191,2,136.99,273.98,Credit Card,France,2023-01-15
INV100199,Laptop Stand,P1003,10440,9,1729.14,15562.26,Credit Card,Unknown,2023-02-08
INV100200,Laptop Stand,P1003,10125,1,67.38,67.38,Credit Card,India,2024-04-18
INV100201,USB-C Hub,P1008,10024,9,267.71,2409.39,PayPal,Germany,2023-07-31
INV100202,Bluetooth Speaker,P1004,10108,4,109.76,439.04,PayPal,France,2023-08-21
INV100203,Webcam HD,P1005,10469,2,30.64,61.28,Net Banking,Germany,2023-04-21
INV100204,Gaming Mousepad,P1007,10235,2,169.53,339.06,Credit Card,India,2024-01-04
INV100205,External Hard Drive,P1006,10005,3,116.74,350.22,PayPal,Australia,2024-09-04
INV100206,Noise Cancelling Headphones,P1009,10439,4,195.55,782.2,Net Banking,UK,2024-03-18
INV100207,Noise Cancelling Headphones,P1009,10436,6,183.7,1102.2,PayPal,France,2023-10-16
INV100208,Bluetooth Speaker,P1004,10111,6,71.47,428.82,Net Banking,France,2024-08-04
INV100209,Gaming Mousepad,P1007,10317,4,255.99,1023.96,UPI,Australia,2024-03-21
INV100210,Unknown,P1006,10030,8,269.55,2156.4,Credit Card,India,2023-08-31
INV100211,USB Keyboard,P1002,10005,8,210.6,1684.8,PayPal,USA,2023-08-11
INV100212,Wireless Mouse,P1001,10003,2,174.92,349.84,Net Banking,India,2023-03-16
INV100213,External Hard Drive,P1006,10485,6,292.64,1755.84,Credit Card,Australia,2024-08-28
INV100214,Webcam HD,P1005,10334,3,247.15,741.45,Debit Card,USA,2023-07-13
INV100215,USB-C Hub,P1008,10299,8,145.6,1164.8,Credit Card,UK,2023-06-22
INV100216,Webcam HD,P1005,10323,5,60.18,300.9,PayPal,France,2023-04-28
INV100217,LED Desk Lamp,P1010,10112,3,63.85,191.55,UPI,Australia,2024-06-15
INV100218,Wireless Mouse,P1001,10037,1,185.13,185.13,UPI,UK,2023-11-16
INV100219,Wireless Mouse,P1001,10355,5,154.3,771.5,Debit Card,India,2024-05-25
INV100220,Wireless Mouse,P1001,10009,3,20.29,60.87,UPI,Germany,2024-11-20
INV100221,Laptop Stand,P1003,10385,5,23.7,118.5,PayPal,Unknown,2023-06-21
INV100222,USB Keyboard,P1002,10318,8,243.91,1951.28,Credit Card,India,2023-11-17
INV100223,Webcam HD,P1005,10418,5,5.8,29.0,UPI,Germany,2024-07-03
INV100224,Bluetooth Speaker,P1004,10433,1,255.96,255.96,PayPal,UK,2023-08-24
INV100225,USB-C Hub,P1008,10417,5,220.61,1103.05,Credit Card,Canada,2023-05-17
INV100226,Wireless Mouse,P1001,10319,3,24.62,73.86,UPI,France,2023-10-23
INV100228,Gaming Mousepad,P1007,10338,3,53.46,160.38,UPI,Australia,2023-01-05
INV100229,USB Keyboard,P1002,10088,4,98.28,393.12,Credit Card,Germany,2023-02-11
INV100230,External Hard Drive,P1006,10103,2,245.9,491.8,UPI,Germany,2023-10-22
INV100231,USB Keyboard,P1002,10062,3,189.11,567.33,Net Banking,Canada,2023-01-23
INV100232,External Hard Drive,P1006,10494,1,73.5,73.5,Net Banking,Canada,2023-08-13
INV100233,Noise Cancelling Headphones,P1009,10103,7,161.9,1133.3,UPI,USA,2024-09-07
INV100234,Laptop Stand,P1003,10133,3,165.14,495.42,UPI,USA,2023-07-17
INV100235,External Hard Drive,P1006,10447,3,190.17,570.51,Credit Card,USA,2024-07-07
INV100236,Laptop Stand,P1003,10288,4,239.24,956.96,Credit Card,France,2024-10-30
INV100237,Laptop Stand,P1003,10156,4,223.73,894.92,PayPal,Canada,2024-02-24
INV100238,USB-C Hub,P1008,10438,6,226.96,1361.76,UPI,Canada,2024-02-15
INV100239,External Hard Drive,P1006,10321,1,14.89,14.89,UPI,UK,2024-08-20
INV100240,LED Desk Lamp,P1010,10293,5,263.65,1318.25,Credit Card,Germany,2023-04-28
INV100241,Wireless Mouse,P1001,10014,4,139.82,559.28,Credit Card,France,2024-11-26
INV100242,LED Desk Lamp,P1010,10323,8,49.23,393.84,Credit Card,France,2023-02-16
INV100243,USB-C Hub,P1008,10242,2,8.6,17.2,Net Banking,Canada,2024-09-18
INV100244,Noise Cancelling Headphones,P1009,10068,4,165.1,660.4,UPI,France,2023-10-10
INV100245,USB Keyboard,P1002,10133,4,58.57,234.28,Net Banking,Germany,2024-07-03
INV100246,Noise Cancelling Headphones,P1009,10301,8,129.96,1039.68,Net Banking,UK,2023-12-12
INV100247,Gaming Mousepad,P1007,10103,8,154.24,1233.92,UPI,Unknown,2024-09-14
INV100248,USB Keyboard,P1002,10375,4,276.03,1104.12,PayPal,UK,2023-05-13
INV100249,Laptop Stand,P1003,10496,5,213.64,1068.2,UPI,UK,2023-04-16
INV100250,Gaming Mousepad,P1007,10461,9,130.12,1171.08,Net Banking,Canada,2023-01-29
INV100251,Unknown,P1006,10256,8,252.93,2023.44,PayPal,Australia,2024-02-11
INV100252,USB Keyboard,P1002,10419,5,295.53,1477.65,UPI,UK,2024-09-13
INV100253,Laptop Stand,P1003,10318,6,252.06,1512.36,Debit Card,USA,2023-01-01
INV100254,Laptop Stand,P1003,10430,6,158.06,948.36,PayPal,Canada,2024-10-22
INV100255,Noise Cancelling Headphones,P1009,10435,9,224.55,2020.95,PayPal,USA,2023-07-21
INV100256,Gaming Mousepad,P1007,10243,9,6.37,57.33,Debit Card,Canada,2024-07-28
INV100257,USB-C Hub,P1008,10390,9,259.74,2337.66,PayPal,Germany,2024-01-21
INV100258,Webcam HD,P1005,10016,2,146.85,293.7,UPI,USA,2023-12-13
INV100259,USB-C Hub,P1008,10454,3,78.23,234.69,Net Banking,Canada,2023-01-25
INV100260,USB-C Hub,P1008,10176,4,128.58,514.32,Debit Card,Germany,2023-06-10
INV100261,Bluetooth Speaker,P1004,10048,6,69.93,419.58,Net Banking,Australia,2024-04-13
INV100262,Unknown,P1006,10176,7,292.78,2049.46,Credit Card,France,2023-12-27
INV100263,Webcam HD,P1005,10062,4,127.31,509.24,Debit Card,Canada,2024-04-20
INV100264,Gaming Mousepad,P1007,10477,8,153.15,1225.2,Credit Card,UK,2023-05-21
INV100265,Gaming Mousepad,P1007,10031,7,130.9,916.3,UPI,India,2023-11-14
INV100266,Bluetooth Speaker,P1004,10143,1,15.78,15.78,UPI,Australia,2023-10-13
INV100267,Laptop Stand,P1003,10370,8,178.3,1426.4,Debit Card,Australia,2024-08-12
INV100269,Laptop Stand,P1003,10384,6,230.78,1384.68,UPI,India,2024-10-05
INV100270,Bluetooth Speaker,P1004,10287,8,259.23,2073.84,PayPal,France,2024-10-04
INV100271,USB-C Hub,P1008,10480,3,194.98,584.94,Credit Card,Canada,2024-01-15
INV100272,Noise Cancelling Headphones,P1009,10390,7,293.78,2056.46,PayPal,India,2023-06-27
INV100273,External Hard Drive,P1006,10254,8,12.99,103.92,PayPal,India,2024-03-18
INV100274,External Hard Drive,P1006,10228,8,35.71,285.68,PayPal,Canada,2023-08-27
INV100275,Wireless Mouse,P1001,10494,3,266.8,800.4,UPI,UK,2024-08-26
INV100276,Wireless Mouse,P1001,10087,8,34.34,274.72,Credit Card,Australia,2023-04-06
INV100277,LED Desk Lamp,P1010,10499,8,243.02,1944.16,UPI,Canada,2024-03-27
INV100278,Laptop Stand,P1003,10329,5,46.62,233.1,Debit Card,Germany,2023-01-07
INV100279,Laptop Stand,P1003,10146,7,222.09,1554.63,Debit Card,UK,2023-03-26
INV100280,Wireless Mouse,P1001,10081,3,177.0,531.0,PayPal,UK,2024-11-30
INV100281,Gaming Mousepad,P1007,10233,2,273.63,547.26,Debit Card,France,2024-06-06
INV100282,Webcam HD,P1005,10395,2,112.1,224.2,UPI,UK,2023-04-29
INV100283,USB Keyboard,P1002,10221,4,189.12,756.48,Net Banking,Germany,2023-09-13
INV100284,External Hard Drive,P1006,10341,9,133.66,1202.94,PayPal,France,2024-05-14
INV100285,Webcam HD,P1005,10119,8,38.7,309.6,Debit Card,Canada,2023-06-07
INV100286,Noise Cancelling Headphones,P1009,10208,7,240.96,1686.72,UPI,UK,2023-04-25
INV100287,USB-C Hub,P1008,10280,9,164.78,1483.02,Net Banking,UK,2023-08-25
INV100288,Unknown,P1001,10234,7,69.32,485.24,UPI,Germany,2023-10-05
INV100289,Wireless Mouse,P1001,10108,4,44.02,176.08,Debit Card,France,2023-01-29
INV100290,Wireless Mouse,P1001,10325,2,85.33,170.66,Debit Card,India,2023-03-16
INV100291,USB Keyboard,P1002,10355,2,161.25,322.5,Credit Card,Canada,2023-02-11
INV100292,LED Desk Lamp,P1010,10164,9,85.85,772.65,Credit Card,Germany,2023-01-17
INV100293,LED Desk Lamp,P1010,10086,9,151.75,1365.75,Debit Card,UK,2024-08-10
INV100294,USB Keyboard,P1002,10312,5,8.24,41.2,Unknown,Canada,2023-01-27
INV100295,Unknown,P1005,10267,6,220.99,1325.94,UPI,Canada,2024-09-01
INV100296,USB-C Hub,P1008,10400,9,150.81,1357.29,Net Banking,USA,2024-11-15
INV100297,USB Keyboard,P1002,10045,5,118.03,590.15,UPI,Australia,2024-09-25
INV100298,USB Keyboard,P1002,10192,2,54.05,108.1,Debit Card,USA,2023-12-29
INV100299,External Hard Drive,P1006,10281,3,31.65,94.95,Debit Card,USA,2024-01-06
INV100300,USB-C Hub,P1008,10163,5,251.94,1259.7,PayPal,France,2023-01-11
INV100301,Laptop Stand,P1003,10309,1,217.85,217.85,Net Banking,Australia,2023-08-15
INV100302,Noise Cancelling Headphones,P1009,10245,2,122.01,244.02,UPI,USA,2024-10-25
INV100303,USB Keyboard,P1002,10249,6,221.11,1326.66,Unknown,France,2023-10-16
INV100304,LED Desk Lamp,P1010,10226,4,164.25,657.0,Credit Card,France,2024-04-11
INV100305,USB Keyboard,P1002,10364,4,20.17,80.68,Debit Card,Australia,2024-05-21
INV100306,External Hard Drive,P1006,10072,2,188.88,377.76,UPI,India,2024-03-25
INV100307,Bluetooth Speaker,P1004,10216,9,108.7,978.3,PayPal,UK,2024-10-02
INV100308,Noise Cancelling Headphones,P1009,10290,8,133.27,1066.16,Debit Card,Canada,2023-02-08
INV100309,Laptop Stand,P1003,10171,3,27.94,83.82,PayPal,France,2023-04-18
INV100310,Wireless Mouse,P1001,10274,3,85.28,255.84,PayPal,Australia,2024-06-07
INV100311,Webcam HD,P1005,10329,5,32.02,160.1,Credit Card,Australia,2023-01-17
INV100312,USB-C Hub,P1008,10317,9,136.57,1229.13,Net Banking,UK,2023-01-12
INV100313,Bluetooth Speaker,P1004,10080,8,228.73,1829.84,Credit Card,India,2024-10-22
INV100314,Laptop Stand,P1003,10024,7,218.61,1530.27,Debit Card,Canada,2023-07-19
INV100315,External Hard Drive,P1006,10058,2,149.38,298.76,Net Banking,UK,2024-10-16
INV100316,Laptop Stand,P1003,10287,9,283.5,2551.5,Net Banking,USA,2023-02-16
INV100317,USB Keyboard,P1002,10249,7,299.81,2098.67,Net Banking,UK,2023-03-27
INV100318,LED Desk Lamp,P1010,10006,7,15.01,105.07,UPI,France,2024-09-20
INV100319,LED Desk Lamp,P1010,10314,9,61.82,556.38,Net Banking,Canada,2024-05-12
INV100320,USB-C Hub,P1008,10477,7,239.63,1677.41,PayPal,Germany,2023-08-11
INV100321,USB-C Hub,P1008,10442,4,254.14,1016.56,UPI,India,2024-02-06
INV100322,USB-C Hub,P1008,10151,7,15.92,111.44,PayPal,UK,2023-06-08
INV100323,Wireless Mouse,P1001,10130,3,170.4,511.2,UPI,Australia,2023-04-08
INV100324,Gaming Mousepad,P1007,10470,5,161.43,807.15,Unknown,USA,2023-07-02
INV100325,Noise Cancelling Headphones,P1009,10003,7,98.01,686.07,UPI,Canada,2024-05-11
INV100326,LED Desk Lamp,P1010,10015,6,99.03,594.18,UPI,Germany,2023-06-10
INV100327,External Hard Drive,P1006,10033,2,12.2,24.4,PayPal,Canada,2023-06-19
INV100328,Gaming Mousepad,P1007,10415,7,59.71,417.97,Net Banking,UK,2023-10-01
INV100329,Noise Cancelling Headphones,P1009,10445,3,25.66,76.98,PayPal,UK,2023-01-29
INV100330,External Hard Drive,P1006,10235,1,123.57,123.57,PayPal,UK,2023-09-02
INV100331,External Hard Drive,P1006,10376,9,176.32,1586.88,UPI,Canada,2023-08-27
INV100332,USB-C Hub,P1008,10388,9,104.23,938.07,Unknown,Germany,2023-12-06
INV100333,Webcam HD,P1005,10428,1,75.44,75.44,PayPal,India,2023-01-03
INV100334,Unknown,P1008,10145,8,89.74,717.92,PayPal,Canada,2023-11-20
INV100335,Bluetooth Speaker,P1004,10398,5,17.42,87.1,PayPal,Australia,2024-08-07
INV100336,Gaming Mousepad,P1007,10186,1,120.53,120.53,Credit Card,Australia,2023-05-20
INV100337,Bluetooth Speaker,P1004,10318,5,1357.64,6788.2,Debit Card,Unknown,2024-03-15
INV100338,Gaming Mousepad,P1007,10152,8,142.88,1143.04,Credit Card,France,2023-08-14
INV100339,Laptop Stand,P1003,10071,7,297.39,2081.73,PayPal,Germany,2024-07-24
INV100340,Gaming Mousepad,P1007,10372,4,252.16,1008.64,PayPal,UK,2023-11-06
INV100341,External Hard Drive,P1006,10106,3,156.24,468.72,UPI,France,2023-11-26
INV100342,LED Desk Lamp,P1010,10258,2,118.31,236.62,Debit Card,Unknown,2024-05-20
INV100343,Webcam HD,P1005,10046,8,108.29,866.32,UPI,Germany,2023-02-23
INV100344,USB-C Hub,P1008,10019,7,265.72,1860.04,UPI,UK,2023-04-09
INV100345,USB Keyboard,P1002,10418,1,56.3,56.3,UPI,Germany,2024-05-04
INV100346,Laptop Stand,P1003,10215,2,149.9,299.8,Net Banking,UK,2023-05-25
INV100347,Webcam HD,P1005,10380,3,245.67,737.01,PayPal,UK,2023-04-30
INV100348,Webcam HD,P1005,10097,9,179.92,1619.28,Credit Card,USA,2023-12-23
INV100349,Noise Cancelling Headphones,P1009,10475,9,120.4,1083.6,Net Banking,Unknown,2024-09-26
INV100350,USB Keyboard,P1002,10169,9,18.09,162.81,Net Banking,USA,2023-11-28
INV100351,USB-C Hub,P1008,10260,9,102.07,918.63,UPI,UK,2024-06-20
INV100352,Wireless Mouse,P1001,10327,2,125.49,250.98,Credit Card,Canada,2023-02-07
INV100353,Laptop Stand,P1003,10036,5,19.39,96.95,Net Banking,India,2024-03-29
INV100354,USB-C Hub,P1008,10039,5,297.49,1487.45,Credit Card,UK,2023-04-24
INV100355,Wireless Mouse,P1001,10039,3,248.28,744.84,UPI,UK,2024-07-21
INV100356,USB-C Hub,P1008,10261,2,165.41,330.82,PayPal,USA,2023-10-16
INV100357,USB-C Hub,P1008,10091,8,240.24,1921.92,Net Banking,Australia,2023-06-17
INV100358,Webcam HD,P1005,10268,1,51.42,51.42,PayPal,UK,2024-11-11
INV100359,Bluetooth Speaker,P1004,10190,9,279.38,2514.42,Net Banking,France,2023-12-22
INV100360,Noise Cancelling Headphones,P1009,10234,6,60.82,364.92,Net Banking,USA,2023-05-13
INV100363,Bluetooth Speaker,P1004,10294,2,250.48,500.96,PayPal,Germany,2024-06-07
INV100364,Webcam HD,P1005,10154,2,89.68,179.36,PayPal,UK,2023-02-15
INV100365,Bluetooth Speaker,P1004,10222,1,170.15,170.15,PayPal,Australia,2023-12-26
INV100366,External Hard Drive,P1006,10162,2,192.03,384.06,Debit Card,Canada,2023-12-31
INV100367,Bluetooth Speaker,P1004,10073,6,88.59,531.54,Net Banking,Canada,2024-03-30
INV100368,Noise Cancelling Headphones,P1009,10059,9,289.08,2601.72,PayPal,India,2024-02-16
INV100369,Noise Cancelling Headphones,P1009,10403,5,35.24,176.2,PayPal,France,2023-07-15
INV100370,USB-C Hub,P1008,10016,4,25.01,100.04,PayPal,India,2023-07-11
INV100371,USB-C Hub,P1008,10473,6,214.03,1284.18,PayPal,Germany,2023-01-22
INV100372,Wireless Mouse,P1001,10269,8,18.49,147.92,Net Banking,India,2023-11-02
INV100373,Webcam HD,P1005,10459,4,196.03,784.12,Net Banking,India,2024-01-16
INV100374,External Hard Drive,P1006,10133,7,24.36,170.52,Net Banking,India,2023-02-02
INV100375,Wireless Mouse,P1001,10481,3,79.49,238.47,Net Banking,Australia,2024-06-21
INV100376,External Hard Drive,P1006,10396,2,299.15,598.3,Net Banking,Germany,2023-04-09
INV100377,USB Keyboard,P1002,10074,9,53.27,479.43,UPI,Australia,2023-06-06
INV100378,USB Keyboard,P1002,10461,4,252.78,1011.12,Debit Card,Australia,2024-11-17
INV100379,Wireless Mouse,P1001,10194,4,198.08,792.32,PayPal,Australia,2024-06-22
INV100380,Gaming Mousepad,P1007,10091,1,289.15,289.15,Debit Card,UK,2024-03-15
INV100381,Webcam HD,P1005,10261,5,273.31,1366.55,Net Banking,India,2023-03-25
INV100383,USB Keyboard,P1002,10319,6,72.84,437.04,Credit Card,France,2023-06-12
INV100384,Bluetooth Speaker,P1004,10273,1,197.24,197.24,Credit Card,USA,2024-06-07
INV100385,Laptop Stand,P1003,10092,8,51.98,415.84,PayPal,Australia,2024-10-18
INV100386,External Hard Drive,P1006,10173,5,50.33,251.65,UPI,USA,2023-01-27
INV100387,Laptop Stand,P1003,10348,2,229.5,459.0,Credit Card,UK,2024-01-22
INV100388,Noise Cancelling Headphones,P1009,10386,5,273.99,1369.95,Net Banking,Australia,2024-01-13
INV100389,Noise Cancelling Headphones,P1009,10221,4,239.98,959.92,Net Banking,Australia,2023-06-02
INV100390,Noise Cancelling Headphones,P1009,10339,7,41.93,293.51,Debit Card,Germany,2023-08-24
INV100391,Noise Cancelling Headphones,P1009,10116,4,169.73,678.92,Debit Card,Australia,2024-05-15
INV100392,USB-C Hub,P1008,10063,2,240.28,480.56,PayPal,Canada,2024-01-30
INV100393,Laptop Stand,P1003,10477,1,8.43,8.43,Net Banking,India,2023-10-01
INV100394,External Hard Drive,P1006,10165,2,146.58,293.16,Net Banking,UK,2024-08-29
INV100395,LED Desk Lamp,P1010,10424,9,258.74,2328.66,PayPal,France,2023-04-12
INV100396,Noise Cancelling Headphones,P1009,10087,8,218.66,1749.28,Credit Card,UK,2024-11-21
INV100397,Bluetooth Speaker,P1004,10159,9,76.4,687.6,Net Banking,France,2023-02-15
INV100398,Bluetooth Speaker,P1004,10160,6,187.36,1124.16,PayPal,USA,2024-10-21
INV100399,External Hard Drive,P1006,10224,8,7.88,63.04,UPI,UK,2023-01-02
INV100400,Webcam HD,P1005,10115,1,265.35,265.35,Net Banking,France,2024-08-11
INV100401,External Hard Drive,P1006,10358,6,100.02,600.12,Debit Card,Canada,2023-06-15
INV100402,Laptop Stand,P1003,10304,2,1164.73,2329.46,Net Banking,Australia,2024-03-03
INV100403,Webcam HD,P1005,10389,8,192.75,1542.0,Debit Card,France,2024-09-26
INV100404,USB-C Hub,P1008,10222,9,281.18,2530.62,Net Banking,France,2023-12-25
INV100405,USB-C Hub,P1008,10327,9,214.17,1927.53,PayPal,USA,2023-09-21
INV100406,USB-C Hub,P1008,10317,2,189.46,378.92,PayPal,India,2023-03-25
INV100407,Wireless Mouse,P1001,10387,7,199.94,1399.58,Credit Card,India,2023-07-27
INV100408,Gaming Mousepad,P1007,10382,6,246.1,1476.6,Credit Card,USA,2024-02-14
INV100409,Bluetooth Speaker,P1004,10361,3,17.02,51.06,PayPal,Australia,2024-11-30
INV100410,USB-C Hub,P1008,10011,2,22.8,45.6,Credit Card,Germany,2023-03-28
INV100411,Wireless Mouse,P1001,10146,9,262.18,2359.62,PayPal,India,2023-05-02
INV100412,Gaming Mousepad,P1007,10391,7,143.7,1005.9,PayPal,India,2024-11-15
INV100413,Laptop Stand,P1003,10306,7,132.93,930.51,UPI,UK,2023-10-15
INV100414,Gaming Mousepad,P1007,10036,2,11.15,22.3,Debit Card,USA,2024-10-23
INV100415,Webcam HD,P1005,10411,8,292.56,2340.48,Credit Card,France,2024-10-04
INV100416,USB Keyboard,P1002,10437,3,205.67,617.01,Credit Card,Australia,2023-04-03
INV100417,Laptop Stand,P1003,10441,1,252.93,252.93,PayPal,UK,2023-06-08
INV100418,USB Keyboard,P1002,10219,8,130.52,1044.16,PayPal,France,2024-05-30
INV100419,USB-C Hub,P1008,10176,4,153.93,615.72,PayPal,UK,2024-07-15
INV100420,LED Desk Lamp,P1010,10249,3,175.71,527.13,Debit Card,India,2024-02-24
INV100421,LED Desk Lamp,P1010,10334,5,121.68,608.4,UPI,India,2024-07-31
INV100422,Laptop Stand,P1003,10425,2,238.92,477.84,PayPal,Australia,2023-10-22
INV100423,Unknown,P1006,10124,3,179.74,539.22,Credit Card,Australia,2023-09-03
INV100424,Noise Cancelling Headphones,P1009,10020,3,188.78,566.34,Credit Card,USA,2024-07-05
INV100425,External Hard Drive,P1006,10099,1,43.81,43.81,UPI,France,2024-06-03
INV100426,Wireless Mouse,P1001,10333,7,191.6,1341.2,UPI,USA,2024-06-09
INV100427,Noise Cancelling Headphones,P1009,10317,2,58.39,116.78,Net Banking,Australia,2024-07-06
INV100428,USB Keyboard,P1002,10013,6,261.87,1571.22,Credit Card,India,2024-09-14
INV100429,Webcam HD,P1005,10129,8,175.93,1407.44,Net Banking,Australia,2023-03-25
INV100430,External Hard Drive,P1006,10065,7,53.24,372.68,UPI,Germany,2023-01-28
INV100431,Webcam HD,P1005,10423,3,198.74,596.22,PayPal,Canada,2024-03-24
INV100432,Unknown,P1009,10286,8,122.01,976.08,PayPal,India,2023-10-30
INV100434,USB Keyboard,P1002,10263,9,132.11,1188.99,PayPal,USA,2023-10-03
INV100435,Noise Cancelling Headphones,P1009,10120,1,79.5,79.5,UPI,UK,2023-10-11
INV100436,USB-C Hub,P1008,10164,5,110.24,551.2,Net Banking,UK,2023-07-23
INV100437,USB Keyboard,P1002,10311,1,254.03,254.03,PayPal,Germany,2024-07-09
INV100438,LED Desk Lamp,P1010,10129,6,65.72,394.32,UPI,Germany,2023-11-30
INV100439,LED Desk Lamp,P1010,10281,9,161.7,1455.3,PayPal,Germany,2023-01-20
INV100440,Laptop Stand,P1003,10484,1,41.02,41.02,UPI,Germany,2023-07-17
INV100441,Laptop Stand,P1003,10496,5,31.12,155.6,Unknown,Australia,2023-06-10
INV100442,LED Desk Lamp,P1010,10275,3,17.26,51.78,Net Banking,France,2024-05-04
INV100443,External Hard Drive,P1006,10298,5,146.57,732.85,Debit Card,Canada,2023-09-08
INV100444,Noise Cancelling Headphones,P1009,10038,2,100.32,200.64,Net Banking,USA,2023-07-04
INV100445,Webcam HD,P1005,10406,8,157.1,1256.8,Net Banking,France,2023-06-27
INV100446,USB-C Hub,P1008,10125,6,46.2,277.2,Net Banking,USA,2024-01-19
INV100447,Gaming Mousepad,P1007,10007,4,212.88,851.52,PayPal,Germany,2024-01-10
INV100448,Noise Cancelling Headphones,P1009,10351,2,60.56,121.12,UPI,India,2024-10-30
INV100449,Noise Cancelling Headphones,P1009,10174,6,261.1,1566.6,UPI,USA,2023-03-27
INV100450,Laptop Stand,P1003,10217,2,200.18,400.36,Net Banking,Australia,2023-04-29
INV100452,Noise Cancelling Headphones,P1009,10301,8,231.71,1853.68,Net Banking,USA,2023-12-11
INV100453,External Hard Drive,P1006,10286,4,204.57,818.28,Debit Card,Canada,2023-05-27
INV100454,External Hard Drive,P1006,10089,5,201.76,1008.8,Credit Card,India,2023-12-27
INV100455,Laptop Stand,P1003,10072,2,299.83,599.66,Net Banking,Canada,2024-07-28
INV100456,External Hard Drive,P1006,10268,1,125.04,125.04,Credit Card,UK,2024-11-18
INV100458,Laptop Stand,P1003,10493,4,196.9,787.6,Debit Card,Canada,2023-04-12
INV100459,External Hard Drive,P1006,10481,4,201.94,807.76,Debit Card,Germany,2024-03-29
INV100461,USB-C Hub,P1008,10088,1,40.46,40.46,UPI,USA,2024-03-30
INV100462,USB Keyboard,P1002,10198,5,100.75,503.75,UPI,UK,2023-03-17
INV100463,Bluetooth Speaker,P1004,10472,5,117.22,586.1,UPI,Canada,2024-08-27
INV100464,LED Desk Lamp,P1010,10290,1,75.08,75.08,Net Banking,UK,2024-05-11
INV100465,LED Desk Lamp,P1010,10461,6,26.59,159.54,PayPal,Canada,2024-09-13
INV100466,USB Keyboard,P1002,10084,2,141.73,283.46,Debit Card,India,2023-01-03
INV100467,External Hard Drive,P1006,10411,8,158.13,1265.04,PayPal,USA,2024-03-29
INV100468,Gaming Mousepad,P1007,10011,5,245.06,1225.3,Debit Card,Unknown,2024-10-26
INV100469,Noise Cancelling Headphones,P1009,10462,5,122.65,613.25,Net Banking,France,2023-10-20
INV100471,Gaming Mousepad,P1007,10492,2,216.07,432.14,Net Banking,Australia,2024-03-02
INV100472,Gaming Mousepad,P1007,10302,5,62.75,313.75,Credit Card,Canada,2023-12-02
INV100473,Bluetooth Speaker,P1004,10270,5,269.92,1349.6,Net Banking,USA,2023-02-20
INV100474,LED Desk Lamp,P1010,10274,4,280.66,1122.64,PayPal,India,2024-04-14
INV100475,USB Keyboard,P1002,10051,2,54.07,108.14,Credit Card,Canada,2024-01-08
INV100476,USB-C Hub,P1008,10419,3,176.37,529.11,Debit Card,France,2023-04-16
INV100477,Webcam HD,P1005,10131,2,122.97,245.94,Credit Card,France,2024-08-11
INV100478,USB-C Hub,P1008,10350,9,159.13,1432.17,PayPal,USA,2023-09-20
INV100479,External Hard Drive,P1006,10446,7,159.92,1119.44,Debit Card,Canada,2024-08-05
INV100480,Bluetooth Speaker,P1004,10297,8,239.06,1912.48,UPI,Canada,2024-03-20
INV100481,LED Desk Lamp,P1010,10373,8,289.06,2312.48,PayPal,UK,2024-03-27
INV100482,Webcam HD,P1005,10375,7,245.65,1719.55,Credit Card,France,2023-06-21
INV100483,Laptop Stand,P1003,10213,7,193.21,1352.47,Debit Card,UK,2023-10-04
INV100484,Laptop Stand,P1003,10471,9,239.15,2152.35,Net Banking,France,2023-01-10
INV100485,USB-C Hub,P1008,10151,9,252.76,2274.84,Net Banking,Germany,2024-08-06
INV100486,USB Keyboard,P1002,10067,1,74.88,74.88,UPI,Canada,2023-10-20
INV100487,External Hard Drive,P1006,10059,2,220.93,441.86,Credit Card,France,2024-09-03
INV100488,USB-C Hub,P1008,10402,7,201.93,1413.51,PayPal,France,2023-05-26
INV100489,Gaming Mousepad,P1007,10241,4,49.16,196.64,UPI,UK,2024-03-14
INV100490,Webcam HD,P1005,10107,5,54.56,272.8,UPI,Germany,2024-04-27
INV100491,Wireless Mouse,P1001,10464,2,144.5,289.0,Credit Card,India,2024-10-22
INV100493,Webcam HD,P1005,10456,7,166.28,1163.96,UPI,Australia,2024-10-11
INV100494,Webcam HD,P1005,10290,9,151.55,1363.95,Net Banking,India,2023-11-16
INV100495,Webcam HD,P1005,10373,7,210.07,1470.49,Credit Card,India,2024-07-07
INV100496,Wireless Mouse,P1001,10486,7,218.73,1531.11,Net Banking,Canada,2024-04-03
INV100497,Wireless Mouse,P1001,10101,8,1416.44,11331.52,Net Banking,France,2023-08-06
INV100498,Laptop Stand,P1003,10231,7,232.92,1630.44,Credit Card,France,2023-02-05
INV100499,USB Keyboard,P1002,10135,5,268.79,1343.95,Debit Card,France,2023-03-14
INV100500,Laptop Stand,P1003,10486,1,71.86,71.86,Net Banking,USA,2024-02-29
INV100501,External Hard Drive,P1006,10443,4,135.51,542.04,PayPal,Germany,2024-10-03
INV100502,USB-C Hub,P1008,10148,5,25.63,128.15,Credit Card,France,2023-06-09
INV100503,LED Desk Lamp,P1010,10066,8,264.62,2116.96,Debit Card,France,2024-07-15
INV100504,Bluetooth Speaker,P1004,10258,6,73.09,438.54,PayPal,Canada,2023-02-27
INV100505,Webcam HD,P1005,10257,6,202.5,1215.0,UPI,Australia,2023-06-21
INV100506,Bluetooth Speaker,P1004,10470,6,169.55,1017.3,Credit Card,UK,2023-12-20
INV100507,Bluetooth Speaker,P1004,10035,4,22.74,90.96,Credit Card,Canada,2024-03-17
INV100508,Noise Cancelling Headphones,P1009,10302,5,56.71,283.55,Debit Card,UK,2023-10-14
INV100509,Gaming Mousepad,P1007,10445,9,55.29,497.61,Debit Card,Australia,2024-09-09
INV100511,Webcam HD,P1005,10029,8,239.66,1917.28,PayPal,Germany,2024-10-17
INV100512,Webcam HD,P1005,10117,7,122.8,859.6,Net Banking,Australia,2023-04-14
INV100513,USB Keyboard,P1002,10363,5,222.47,1112.35,UPI,India,2023-09-05
INV100514,USB Keyboard,P1002,10083,1,253.4,253.4,UPI,Canada,2023-05-29
INV100515,Gaming Mousepad,P1007,10230,6,80.83,484.98,Credit Card,Australia,2024-03-31
INV100516,Webcam HD,P1005,10037,1,184.5,184.5,Debit Card,India,2024-04-04
INV100517,USB Keyboard,P1002,10291,4,214.08,856.32,UPI,India,2024-10-15
INV100518,Laptop Stand,P1003,10360,1,72.07,72.07,Net Banking,USA,2024-07-31
INV100519,External Hard Drive,P1006,10330,5,107.16,535.8,UPI,USA,2024-03-24
INV100520,Laptop Stand,P1003,10153,3,122.11,366.33,Credit Card,India,2024-02-11
INV100521,External Hard Drive,P1006,10418,4,262.63,1050.52,PayPal,Australia,2023-09-19
INV100522,USB Keyboard,P1002,10315,6,151.6,909.6,PayPal,France,2023-12-08
INV100523,Laptop Stand,P1003,10238,5,120.36,601.8,Credit Card,Canada,2023-01-12
INV100525,Wireless Mouse,P1001,10133,8,162.08,1296.64,Credit Card,France,2024-04-06
INV100526,Noise Cancelling Headphones,P1009,10072,3,238.06,714.18,UPI,USA,2024-06-09
INV100527,Bluetooth Speaker,P1004,10418,5,11.75,58.75,PayPal,India,2023-05-10
INV100528,External Hard Drive,P1006,10024,2,287.41,574.82,PayPal,USA,2023-09-23
INV100529,Wireless Mouse,P1001,10163,2,44.09,88.18,UPI,UK,2023-10-16
INV100530,External Hard Drive,P1006,10380,1,183.84,183.84,PayPal,UK,2023-08-26
INV100531,Unknown,P1005,10140,4,153.26,613.04,Debit Card,Germany,2023-01-25
INV100533,Bluetooth Speaker,P1004,10287,4,28.59,114.36,Unknown,India,2023-01-12
INV100534,Wireless Mouse,P1001,10389,4,134.66,538.64,Credit Card,UK,2024-03-22
INV100535,Bluetooth Speaker,P1004,10286,2,196.81,393.62,Debit Card,India,2024-04-11
INV100536,Webcam HD,P1005,10129,3,171.51,514.53,Unknown,Canada,2023-12-11
INV100537,External Hard Drive,P1006,10462,2,22.05,44.1,Debit Card,Canada,2023-02-25
INV100538,Gaming Mousepad,P1007,10148,9,131.95,1187.55,Debit Card,USA,2023-04-09
INV100539,Webcam HD,P1005,10370,9,235.9,2123.1,UPI,Australia,2024-05-08
INV100540,External Hard Drive,P1006,10259,7,209.19,1464.33,PayPal,USA,2024-08-31
INV100541,USB Keyboard,P1002,10358,4,299.03,1196.12,Credit Card,Germany,2023-04-11
INV100542,Noise Cancelling Headphones,P1009,10123,4,56.26,225.04,UPI,Germany,2024-02-24
INV100543,USB Keyboard,P1002,10484,6,130.69,784.14,PayPal,Australia,2023-03-04
INV100544,Wireless Mouse,P1001,10006,4,124.42,497.68,Debit Card,Australia,2024-04-27
INV100545,External Hard Drive,P1006,10132,6,249.12,1494.72,Debit Card,France,2024-08-20
INV100546,Wireless Mouse,P1001,10245,7,127.77,894.39,Debit Card,Canada,2024-02-09
INV100547,USB Keyboard,P1002,10470,6,81.64,489.84,Credit Card,India,2024-10-11
INV100548,Bluetooth Speaker,P1004,10012,8,162.92,1303.36,Credit Card,Australia,2023-03-06
INV100549,LED Desk Lamp,P1010,10212,5,251.12,1255.6,Debit Card,India,2024-05-07
INV100550,USB-C Hub,P1008,10159,5,241.45,1207.25,UPI,France,2023-06-22
INV100551,USB Keyboard,P1002,10187,4,114.57,458.28,Net Banking,Canada,2024-05-11
INV100552,Gaming Mousepad,P1007,10116,5,254.09,1270.45,Debit Card,UK,2023-07-02
INV100553,Laptop Stand,P1003,10251,4,260.07,1040.28,PayPal,Canada,2024-09-15
INV100554,LED Desk Lamp,P1010,10412,2,145.43,290.86,Net Banking,Canada,2024-03-11
INV100555,Wireless Mouse,P1001,10396,6,120.76,724.56,PayPal,Australia,2024-07-07
INV100556,Bluetooth Speaker,P1004,10119,1,286.82,286.82,UPI,Germany,2023-01-17
INV100557,USB-C Hub,P1008,10059,9,283.14,2548.26,UPI,Canada,2023-05-10
INV100558,Gaming Mousepad,P1007,10276,1,253.06,253.06,UPI,India,2023-08-20
INV100559,Wireless Mouse,P1001,10432,7,199.51,1396.57,Debit Card,Canada,2023-07-19
INV100560,Laptop Stand,P1003,10466,1,24.66,24.66,Credit Card,France,2023-06-22
INV100561,Bluetooth Speaker,P1004,10086,5,222.54,1112.7,Debit Card,France,2024-03-24
INV100562,Laptop Stand,P1003,10086,5,19.11,95.55,PayPal,UK,2023-07-19
INV100563,Wireless Mouse,P1001,10482,1,26.26,26.26,PayPal,USA,2024-02-12
INV100564,Bluetooth Speaker,P1004,10276,8,15.49,123.92,UPI,Canada,2023-05-28
INV100565,Laptop Stand,P1003,10227,8,109.21,873.68,Credit Card,USA,2024-01-01
INV100566,Noise Cancelling Headphones,P1009,10498,4,233.52,934.08,Debit Card,France,2024-01-26
INV100567,External Hard Drive,P1006,10260,3,56.36,169.08,Credit Card,UK,2023-09-18
INV100568,Unknown,P1001,10137,6,230.49,1382.94,PayPal,India,2023-11-16
INV100569,External Hard Drive,P1006,10219,6,29.37,176.22,PayPal,Germany,2024-01-03
INV100570,USB Keyboard,P1002,10408,1,92.16,92.16,Net Banking,Australia,2023-12-26
INV100571,USB-C Hub,P1008,10291,9,117.67,1059.03,PayPal,Australia,2024-07-14
INV100572,External Hard Drive,P1006,10216,4,233.52,934.08,UPI,UK,2023-06-18
INV100574,LED Desk Lamp,P1010,10159,8,38.62,308.96,Debit Card,Canada,2024-11-23
INV100575,LED Desk Lamp,P1010,10423,2,42.79,85.58,Debit Card,India,2023-09-30
INV100576,External Hard Drive,P1006,10487,2,71.26,142.52,UPI,India,2024-10-26
INV100577,USB-C Hub,P1008,10287,9,2095.17,18856.53,UPI,UK,2023-06-21
INV100578,USB Keyboard,P1002,10031,3,266.64,799.92,Debit Card,Germany,2023-05-02
INV100579,Gaming Mousepad,P1007,10430,7,264.38,1850.66,Net Banking,India,2023-08-21
INV100580,LED Desk Lamp,P1010,10125,2,192.64,385.28,Credit Card,India,2024-10-22
INV100581,Webcam HD,P1005,10134,8,225.72,1805.76,Debit Card,UK,2023-08-26
INV100582,Gaming Mousepad,P1007,10255,7,198.57,1389.99,UPI,India,2023-07-22
INV100583,LED Desk Lamp,P1010,10021,6,227.19,1363.14,Debit Card,Germany,2023-12-11
INV100584,LED Desk Lamp,P1010,10462,2,36.84,73.68,Debit Card,USA,2023-08-01
INV100585,Gaming Mousepad,P1007,10462,4,246.25,985.0,UPI,Unknown,2024-08-29
INV100586,Webcam HD,P1005,10460,3,49.45,148.35,Net Banking,France,2023-02-13
INV100588,USB-C Hub,P1008,10022,3,92.78,278.34,Credit Card,UK,2023-01-19
INV100589,USB-C Hub,P1008,10127,7,175.27,1226.89,UPI,Germany,2023-10-08
INV100590,USB Keyboard,P1002,10185,5,52.22,261.1,UPI,Germany,2023-12-28
INV100591,Laptop Stand,P1003,10002,8,77.77,622.16,UPI,USA,2023-09-18
INV100592,LED Desk Lamp,P1010,10223,1,86.98,86.98,UPI,India,2024-04-27
INV100593,Noise Cancelling Headphones,P1009,10404,2,65.19,130.38,Net Banking,India,2023-01-10
INV100594,Noise Cancelling Headphones,P1009,10424,7,186.42,1304.94,PayPal,Germany,2023-03-07
INV100595,Bluetooth Speaker,P1004,10233,9,168.5,1516.5,Credit Card,Australia,2024-08-20
INV100596,Noise Cancelling Headphones,P1009,10120,6,250.64,1503.84,Debit Card,Canada,2023-01-14
INV100597,USB Keyboard,P1002,10074,2,228.81,457.62,Debit Card,USA,2023-01-20
INV100598,Bluetooth Speaker,P1004,10311,3,253.38,760.14,Debit Card,Germany,2023-03-11
INV100599,Laptop Stand,P1003,10110,3,298.92,896.76,Credit Card,France,2023-05-12
INV100600,USB Keyboard,P1002,10226,4,218.01,872.04,PayPal,UK,2024-06-19
INV100601,USB-C Hub,P1008,10201,5,200.6,1003.0,PayPal,Canada,2024-02-09
INV100602,Gaming Mousepad,P1007,10056,6,54.23,325.38,Credit Card,Canada,2023-07-07
INV100603,USB Keyboard,P1002,10003,4,123.69,494.76,UPI,Canada,2024-08-05
INV100604,Gaming Mousepad,P1007,10185,3,24.13,72.39,Credit Card,Germany,2023-12-02
INV100605,Laptop Stand,P1003,10161,7,212.37,1486.59,Net Banking,Australia,2024-06-19
INV100606,Wireless Mouse,P1001,10059,2,182.63,365.26,Net Banking,India,2023-07-07
INV100607,Webcam HD,P1005,10405,3,151.99,455.97,UPI,UK,2023-07-30
INV100608,Webcam HD,P1005,10313,8,103.6,828.8,Debit Card,France,2024-06-25
INV100609,Laptop Stand,P1003,10431,6,66.9,401.4,UPI,UK,2023-01-19
INV100610,Gaming Mousepad,P1007,10182,4,41.1,164.4,Net Banking,France,2023-04-23
INV100611,USB-C Hub,P1008,10112,1,31.14,31.14,Debit Card,Canada,2024-09-19
INV100612,USB Keyboard,P1002,10400,9,280.27,2522.43,PayPal,France,2023-06-10
INV100613,LED Desk Lamp,P1010,10474,6,192.67,1156.02,Credit Card,France,2023-02-16
INV100614,Bluetooth Speaker,P1004,10074,6,297.38,1784.28,UPI,USA,2023-05-04
INV100615,External Hard Drive,P1006,10324,7,173.7,1215.9,Credit Card,India,2024-02-04
INV100616,Bluetooth Speaker,P1004,10049,9,171.84,1546.56,Net Banking,France,2023-05-18
INV100617,LED Desk Lamp,P1010,10349,3,12.73,38.19,Credit Card,UK,2024-09-16
INV100618,Webcam HD,P1005,10244,6,85.56,513.36,Debit Card,France,2024-07-16
INV100619,Bluetooth Speaker,P1004,10409,3,81.49,244.47,PayPal,Germany,2023-10-29
INV100620,Wireless Mouse,P1001,10404,3,116.19,348.57,Debit Card,Germany,2023-02-18
INV100622,Webcam HD,P1005,10279,7,271.65,1901.55,Debit Card,UK,2024-10-02
INV100623,USB-C Hub,P1008,10173,9,7.07,63.63,Credit Card,Canada,2023-07-01
INV100624,Wireless Mouse,P1001,10472,9,226.66,2039.94,PayPal,UK,2024-10-25
INV100625,LED Desk Lamp,P1010,10363,4,8.95,35.8,UPI,India,2024-02-12
INV100626,Webcam HD,P1005,10438,6,82.2,493.2,UPI,Australia,2023-06-12
INV100627,Bluetooth Speaker,P1004,10181,8,292.58,2340.64,PayPal,France,2024-02-04
INV100628,Gaming Mousepad,P1007,10328,9,234.13,2107.17,Net Banking,Australia,2024-07-09
INV100629,Webcam HD,P1005,10337,4,14.92,59.68,PayPal,India,2024-08-18
INV100630,LED Desk Lamp,P1010,10416,9,107.05,963.45,PayPal,Australia,2024-11-20
INV100631,USB-C Hub,P1008,10465,7,30.5,213.5,Debit Card,France,2024-02-03
INV100632,Noise Cancelling Headphones,P1009,10142,8,166.75,1334.0,PayPal,UK,2024-04-16
INV100633,Laptop Stand,P1003,10491,7,121.07,847.49,UPI,USA,2024-10-27
INV100634,Bluetooth Speaker,P1004,10164,8,81.75,654.0,UPI,UK,2023-11-09
INV100635,Webcam HD,P1005,10086,5,80.68,403.4,PayPal,India,2023-05-11
INV100636,LED Desk Lamp,P1010,10344,5,171.77,858.85,Credit Card,Canada,2024-01-06
INV100637,Gaming Mousepad,P1007,10424,5,184.52,922.6,Debit Card,USA,2024-03-20
INV100638,Bluetooth Speaker,P1004,10326,1,49.62,49.62,Debit Card,Germany,2024-05-04
INV100639,External Hard Drive,P1006,10151,6,170.56,1023.36,Debit Card,UK,2024-08-15
INV100641,LED Desk Lamp,P1010,10453,6,166.91,1001.46,Debit Card,India,2024-09-01
INV100642,LED Desk Lamp,P1010,10001,6,254.84,1529.04,Net Banking,Germany,2024-05-31
INV100643,Wireless Mouse,P1001,10329,6,255.74,1534.44,UPI,India,2023-03-07
INV100644,Noise Cancelling Headphones,P1009,10124,2,259.29,518.58,Debit Card,USA,2024-03-10
INV100645,External Hard Drive,P1006,10494,7,165.9,1161.3,Debit Card,UK,2023-12-10
INV100646,USB Keyboard,P1002,10137,8,38.02,304.16,PayPal,Australia,2024-07-24
INV100647,LED Desk Lamp,P1010,10447,3,20.33,60.99,UPI,USA,2024-07-14
INV100648,USB-C Hub,P1008,10382,7,262.28,1835.96,Net Banking,France,2023-06-03
INV100649,Wireless Mouse,P1001,10142,4,228.24,912.96,Credit Card,Australia,2023-08-02
INV100650,LED Desk Lamp,P1010,10213,8,42.24,337.92,Credit Card,France,2023-03-20
INV100651,Gaming Mousepad,P1007,10488,4,261.82,1047.28,PayPal,India,2024-01-16
INV100653,Gaming Mousepad,P1007,10386,2,24.24,48.48,Debit Card,Australia,2023-09-11
INV100654,Bluetooth Speaker,P1004,10499,8,88.32,706.56,Credit Card,Australia,2024-07-07
INV100655,Noise Cancelling Headphones,P1009,10278,3,36.11,108.33,Credit Card,France,2024-03-11
INV100656,Noise Cancelling Headphones,P1009,10402,9,122.23,1100.07,Net Banking,India,2024-03-02
INV100657,Bluetooth Speaker,P1004,10267,5,289.52,1447.6,UPI,USA,2024-05-18
INV100658,Gaming Mousepad,P1007,10296,8,89.71,717.68,Net Banking,USA,2024-04-20
INV100659,External Hard Drive,P1006,10054,4,86.55,346.2,PayPal,India,2023-03-13
INV100660,USB-C Hub,P1008,10103,9,121.81,1096.29,Credit Card,Australia,2023-08-26
INV100661,Webcam HD,P1005,10453,2,51.6,103.2,Net Banking,UK,2024-04-12
INV100662,Wireless Mouse,P1001,10364,2,98.44,196.88,UPI,UK,2024-01-22
INV100663,External Hard Drive,P1006,10485,3,269.67,809.01,Credit Card,India,2023-02-09
INV100664,Laptop Stand,P1003,10100,1,181.44,181.44,PayPal,Germany,2024-06-03
INV100665,Webcam HD,P1005,10245,5,134.9,674.5,Credit Card,USA,2024-01-01
INV100666,Gaming Mousepad,P1007,10394,3,265.31,795.93,Net Banking,Australia,2024-06-07
INV100667,Gaming Mousepad,P1007,10108,7,290.3,2032.1,Credit Card,Australia,2024-07-28
INV100668,Laptop Stand,P1003,10268,7,41.12,287.84,Net Banking,Canada,2024-10-31
INV100669,Unknown,P1003,10222,2,53.96,107.92,Debit Card,France,2023-04-12
INV100670,USB-C Hub,P1008,10130,7,43.3,303.1,Credit Card,India,2024-06-20
INV100671,Webcam HD,P1005,10381,1,13.66,13.66,PayPal,Canada,2024-10-27
INV100672,LED Desk Lamp,P1010,10476,5,292.17,1460.85,PayPal,Canada,2024-04-20
INV100673,LED Desk Lamp,P1010,10133,9,246.62,2219.58,Net Banking,UK,2024-03-09
INV100674,Laptop Stand,P1003,10394,3,229.08,687.24,Unknown,India,2024-01-12
INV100675,Laptop Stand,P1003,10212,2,247.38,494.76,Credit Card,USA,2024-04-01
INV100676,USB-C Hub,P1008,10075,8,150.79,1206.32,Debit Card,Canada,2023-05-11
INV100677,Noise Cancelling Headphones,P1009,10189,5,38.32,191.6,Net Banking,Germany,2023-08-06
INV100678,LED Desk Lamp,P1010,10033,1,75.76,75.76,Net Banking,India,2024-11-22
INV100679,Wireless Mouse,P1001,10313,9,223.2,2008.8,Credit Card,India,2023-12-04
INV100680,LED Desk Lamp,P1010,10272,9,133.47,1201.23,Debit Card,Canada,2024-10-23
INV100681,USB-C Hub,P1008,10211,5,242.83,1214.15,Net Banking,USA,2023-10-16
INV100682,External Hard Drive,P1006,10155,2,100.91,201.82,UPI,Australia,2023-09-05
INV100683,USB-C Hub,P1008,10123,7,54.3,380.1,UPI,UK,2024-10-21
INV100684,Webcam HD,P1005,10190,1,251.93,251.93,Net Banking,USA,2024-10-01
INV100685,Laptop Stand,P1003,10190,3,209.77,629.31,PayPal,UK,2023-05-23
INV100686,Bluetooth Speaker,P1004,10436,5,14.79,73.95,Debit Card,Germany,2024-09-20
INV100687,External Hard Drive,P1006,10400,4,281.8,1127.2,PayPal,France,2024-04-04
INV100688,USB Keyboard,P1002,10209,7,243.18,1702.26,Debit Card,Canada,2023-07-26
INV100689,USB-C Hub,P1008,10442,3,3682.93,11048.79,PayPal,Germany,2024-02-11
INV100690,USB-C Hub,P1008,10141,2,136.88,273.76,Unknown,Australia,2024-07-03
INV100691,Laptop Stand,P1003,10146,4,117.58,470.32,PayPal,Canada,2024-06-30
INV100692,External Hard Drive,P1006,10343,4,10.31,41.24,Debit Card,Australia,2024-02-28
INV100693,Webcam HD,P1005,10109,6,87.61,525.66,Debit Card,France,2023-03-24
INV100694,Laptop Stand,P1003,10200,3,248.68,746.04,PayPal,UK,2023-10-02
INV100695,External Hard Drive,P1006,10072,4,294.63,1178.52,Debit Card,USA,2023-03-04
INV100696,LED Desk Lamp,P1010,10119,7,162.14,1134.98,Debit Card,USA,2024-02-02
INV100697,Noise Cancelling Headphones,P1009,10423,6,40.47,242.82,UPI,France,2024-11-06
INV100698,Noise Cancelling Headphones,P1009,10160,1,76.36,76.36,PayPal,Unknown,2023-11-16
INV100700,Gaming Mousepad,P1007,10221,5,92.69,463.45,Debit Card,France,2023-11-30
INV100701,Webcam HD,P1005,10475,9,19.2,172.8,UPI,France,2023-03-09
INV100702,Bluetooth Speaker,P1004,10109,8,263.79,2110.32,PayPal,India,2024-09-28
INV100703,Noise Cancelling Headphones,P1009,10254,6,268.23,1609.38,PayPal,USA,2023-05-07
INV100704,Webcam HD,P1005,10368,7,161.74,1132.18,UPI,Germany,2023-03-03
INV100705,Noise Cancelling Headphones,P1009,10049,3,83.99,251.97,Net Banking,France,2024-05-08
INV100706,Bluetooth Speaker,P1004,10303,5,158.83,794.15,PayPal,France,2023-11-21
INV100707,Noise Cancelling Headphones,P1009,10416,4,69.97,279.88,UPI,USA,2024-11-14
INV100708,USB-C Hub,P1008,10392,5,32.69,163.45,PayPal,USA,2024-03-20
INV100709,USB Keyboard,P1002,10215,4,261.22,1044.88,Debit Card,USA,2024-04-26
INV100711,Laptop Stand,P1003,10014,6,133.21,799.26,PayPal,Australia,2024-07-12
INV100712,Webcam HD,P1005,10405,9,105.54,949.86,UPI,France,2024-08-27
INV100713,Noise Cancelling Headphones,P1009,10275,8,284.69,2277.52,Debit Card,Canada,2024-07-03
INV100714,Gaming Mousepad,P1007,10310,9,212.28,1910.52,UPI,USA,2023-05-12
INV100715,External Hard Drive,P1006,10075,7,43.85,306.95,Net Banking,Canada,2024-02-10
INV100717,USB-C Hub,P1008,10256,2,144.5,289.0,Credit Card,USA,2023-12-27
INV100718,External Hard Drive,P1006,10213,8,192.06,1536.48,PayPal,UK,2023-09-19
INV100719,Webcam HD,P1005,10267,9,5.86,52.74,PayPal,Canada,2024-07-26
INV100720,USB-C Hub,P1008,10466,6,18.47,110.82,PayPal,UK,2024-10-09
INV100721,USB Keyboard,P1002,10240,1,137.89,137.89,PayPal,Canada,2024-09-12
INV100722,Wireless Mouse,P1001,10431,3,62.85,188.55,Net Banking,USA,2023-10-18
INV100723,USB Keyboard,P1002,10188,4,66.06,264.24,Net Banking,Australia,2024-10-14
INV100724,USB Keyboard,P1002,10135,6,256.97,1541.82,Credit Card,UK,2023-07-09
INV100725,USB Keyboard,P1002,10294,4,36.87,147.48,PayPal,India,2024-08-24
INV100726,Bluetooth Speaker,P1004,10105,5,134.37,671.85,Net Banking,Germany,2023-11-14
INV100727,External Hard Drive,P1006,10304,6,2588.06,15528.36,PayPal,Australia,2024-07-02
INV100728,USB Keyboard,P1002,10422,9,246.37,2217.33,UPI,India,2024-07-24
INV100729,Noise Cancelling Headphones,P1009,10191,7,262.9,1840.3,UPI,India,2024-02-01
INV100730,USB-C Hub,P1008,10045,3,137.93,413.79,PayPal,USA,2023-05-07
INV100731,Bluetooth Speaker,P1004,10331,1,120.01,120.01,UPI,Canada,2023-01-19
INV100732,Laptop Stand,P1003,10267,8,272.75,2182.0,UPI,France,2023-04-19
INV100733,Unknown,P1001,10475,1,248.02,248.02,PayPal,India,2023-04-13
INV100734,LED Desk Lamp,P1010,10342,5,5.46,27.3,UPI,USA,2023-06-23
INV100735,Bluetooth Speaker,P1004,10449,7,16.96,118.72,Debit Card,USA,2024-10-19
INV100736,Bluetooth Speaker,P1004,10419,4,118.23,472.92,PayPal,Australia,2024-09-30
INV100737,Wireless Mouse,P1001,10423,2,32.22,64.44,PayPal,Germany,2024-02-16
INV100738,USB Keyboard,P1002,10377,4,270.59,1082.36,PayPal,Australia,2023-11-28
INV100739,USB-C Hub,P1008,10201,3,109.66,328.98,Credit Card,USA,2023-04-15
INV100740,Webcam HD,P1005,10397,2,266.97,533.94,UPI,Germany,2023-09-23
INV100741,LED Desk Lamp,P1010,10038,2,45.97,91.94,UPI,Canada,2024-01-12
INV100742,External Hard Drive,P1006,10116,3,218.57,655.71,Debit Card,France,2024-10-28
INV100743,Gaming Mousepad,P1007,10399,2,161.35,322.7,Net Banking,UK,2024-01-22
INV100744,USB-C Hub,P1008,10418,8,246.9,1975.2,Debit Card,India,2023-09-25
INV100745,LED Desk Lamp,P1010,10212,1,29.9,29.9,Debit Card,Canada,2023-12-23
INV100746,Webcam HD,P1005,10407,1,68.74,68.74,PayPal,India,2023-10-06
INV100747,Wireless Mouse,P1001,10437,9,24.88,223.92,Credit Card,USA,2023-10-04
INV100748,Noise Cancelling Headphones,P1009,10374,2,124.15,248.3,Debit Card,Australia,2024-03-04
INV100749,External Hard Drive,P1006,10029,9,95.36,858.24,UPI,France,2024-09-25
INV100750,Laptop Stand,P1003,10155,2,118.35,236.7,Credit Card,Canada,2023-07-14
INV100751,Bluetooth Speaker,P1004,10074,9,132.14,1189.26,PayPal,USA,2023-12-26
INV100752,Laptop Stand,P1003,10416,9,13.09,117.81,Debit Card,Australia,2024-01-15
INV100753,USB-C Hub,P1008,10155,8,115.49,923.92,Credit Card,USA,2024-03-15
INV100754,Webcam HD,P1005,10055,5,195.49,977.45,UPI,France,2024-02-25
INV100755,Gaming Mousepad,P1007,10274,1,107.03,107.03,UPI,Australia,2023-05-28
INV100756,USB Keyboard,P1002,10494,2,192.89,385.78,UPI,France,2024-03-02
INV100757,LED Desk Lamp,P1010,10324,1,34.87,34.87,PayPal,UK,2024-07-29
INV100758,USB Keyboard,P1002,10439,8,112.56,900.48,Net Banking,Canada,2024-09-19
INV100759,External Hard Drive,P1006,10112,6,138.93,833.58,Credit Card,Unknown,2024-01-23
INV100760,Noise Cancelling Headphones,P1009,10343,2,148.25,296.5,UPI,Canada,2024-01-11
INV100761,Bluetooth Speaker,P1004,10154,3,289.39,868.17,Credit Card,France,2024-10-27
INV100762,Bluetooth Speaker,P1004,10050,6,278.06,1668.36,Net Banking,Australia,2023-08-22
INV100763,USB-C Hub,P1008,10398,2,97.4,194.8,Debit Card,India,2023-05-05
INV100764,Wireless Mouse,P1001,10121,5,90.33,451.65,Credit Card,Canada,2024-04-29
INV100765,LED Desk Lamp,P1010,10086,5,287.0,1435.0,Net Banking,Canada,2023-02-04
INV100766,LED Desk Lamp,P1010,10368,6,182.87,1097.22,UPI,Australia,2023-07-20
INV100767,USB Keyboard,P1002,10067,4,14.13,56.52,Debit Card,Germany,2023-10-05
INV100768,Bluetooth Speaker,P1004,10396,5,50.47,252.35,Debit Card,France,2023-11-01
INV100769,LED Desk Lamp,P1010,10342,2,54.66,109.32,Net Banking,UK,2024-01-14
INV100770,LED Desk Lamp,P1010,10415,3,110.07,330.21,Credit Card,India,2023-12-20
INV100771,Bluetooth Speaker,P1004,10429,3,57.27,171.81,Debit Card,France,2023-12-07
INV100772,LED Desk Lamp,P1010,10323,5,290.09,1450.45,PayPal,India,2023-12-25
INV100773,Noise Cancelling Headphones,P1009,10124,3,53.75,161.25,PayPal,Canada,2023-10-07
INV100774,Wireless Mouse,P1001,10483,3,49.4,148.2,Net Banking,Canada,2023-05-19
INV100775,External Hard Drive,P1006,10251,3,235.8,707.4,Net Banking,France,2023-04-09
INV100776,Gaming Mousepad,P1007,10249,2,188.9,377.8,PayPal,France,2024-10-25
INV100777,USB Keyboard,P1002,10283,3,64.39,193.17,Credit Card,France,2024-06-03
INV100778,Webcam HD,P1005,10373,5,145.29,726.45,Credit Card,India,2023-06-13
INV100779,LED Desk Lamp,P1010,10116,3,44.05,132.15,UPI,USA,2023-04-01
INV100780,Gaming Mousepad,P1007,10046,2,218.03,436.06,UPI,UK,2024-11-15
INV100781,Noise Cancelling Headphones,P1009,10486,6,43.54,261.24,Net Banking,Australia,2024-01-30
INV100782,Bluetooth Speaker,P1004,10424,5,239.29,1196.45,PayPal,UK,2023-01-20
INV100783,Noise Cancelling Headphones,P1009,10153,6,48.89,293.34,Net Banking,France,2023-05-27
INV100784,Laptop Stand,P1003,10249,4,259.75,1039.0,Debit Card,Germany,2024-11-25
INV100785,USB Keyboard,P1002,10445,4,89.31,357.24,PayPal,Canada,2024-02-21
INV100787,USB-C Hub,P1008,10091,1,260.35,260.35,UPI,USA,2023-03-23
INV100788,USB Keyboard,P1002,10162,3,182.62,547.86,PayPal,Germany,2023-12-31
INV100789,Noise Cancelling Headphones,P1009,10368,9,22.54,202.86,Debit Card,France,2023-12-03
INV100790,USB-C Hub,P1008,10062,1,268.46,268.46,PayPal,France,2023-05-27
INV100791,Webcam HD,P1005,10430,6,80.53,483.18,Debit Card,Australia,2023-01-13
INV100792,LED Desk Lamp,P1010,10021,7,10.64,74.48,Debit Card,India,2024-04-24
INV100793,USB Keyboard,P1002,10393,6,218.2,1309.2,Net Banking,Germany,2024-07-19
INV100794,LED Desk Lamp,P1010,10168,5,110.82,554.1,PayPal,India,2023-07-13
INV100795,Webcam HD,P1005,10056,8,221.25,1770.0,UPI,UK,2023-10-13
INV100796,Bluetooth Speaker,P1004,10281,3,299.36,898.08,Credit Card,Canada,2023-09-21
INV100797,Webcam HD,P1005,10134,1,31.49,31.49,UPI,Canada,2024-06-25
INV100798,External Hard Drive,P1006,10036,3,222.67,668.01,PayPal,Canada,2023-01-25
INV100799,Webcam HD,P1005,10231,1,25.36,25.36,Debit Card,France,2023-05-21
INV100800,External Hard Drive,P1006,10200,8,231.83,1854.64,Credit Card,Canada,2023-05-08
INV100801,USB-C Hub,P1008,10190,1,254.55,254.55,Debit Card,USA,2023-07-13
INV100802,Unknown,P1006,10259,8,122.73,981.84,UPI,Australia,2024-01-19
INV100803,Bluetooth Speaker,P1004,10258,6,95.31,571.86,Credit Card,UK,2024-08-06
INV100804,Noise Cancelling Headphones,P1009,10122,2,6.8,13.6,UPI,Canada,2023-03-24
INV100805,Laptop Stand,P1003,10374,6,93.37,560.22,Debit Card,Germany,2024-10-18
INV100806,Bluetooth Speaker,P1004,10357,2,239.38,478.76,Debit Card,USA,2024-10-17
INV100807,LED Desk Lamp,P1010,10183,2,26.51,53.02,Net Banking,India,2023-01-13
INV100808,LED Desk Lamp,P1010,10381,2,4213.93,8427.86,Net Banking,France,2024-09-23
INV100809,External Hard Drive,P1006,10052,7,272.3,1906.1,UPI,Canada,2023-08-19
INV100810,USB-C Hub,P1008,10157,7,71.68,501.76,Debit Card,Germany,2023-08-21
INV100811,Unknown,P1010,10052,5,14.93,74.65,Credit Card,Canada,2024-02-07
INV100812,Noise Cancelling Headphones,P1009,10336,3,196.11,588.33,Credit Card,Germany,2023-01-31
INV100814,LED Desk Lamp,P1010,10147,4,189.31,757.24,PayPal,USA,2024-07-17
INV100815,Webcam HD,P1005,10365,2,76.37,152.74,Debit Card,UK,2024-02-16
INV100816,USB-C Hub,P1008,10029,4,94.44,377.76,Net Banking,Unknown,2023-01-22
INV100817,Webcam HD,P1005,10263,4,47.15,188.6,Debit Card,Australia,2024-04-15
INV100818,USB Keyboard,P1002,10337,2,123.43,246.86,Net Banking,France,2023-10-17
INV100819,Bluetooth Speaker,P1004,10360,8,190.72,1525.76,Credit Card,France,2023-03-16
INV100820,Laptop Stand,P1003,10348,1,98.69,98.69,PayPal,Australia,2023-08-29
INV100821,Unknown,P1009,10208,2,86.47,172.94,PayPal,Canada,2023-10-21
INV100822,Wireless Mouse,P1001,10324,7,177.06,1239.42,UPI,France,2024-01-25
INV100823,USB-C Hub,P1008,10138,9,29.4,264.6,UPI,UK,2024-10-29
INV100824,External Hard Drive,P1006,10136,9,111.27,1001.43,Net Banking,India,2024-10-20
INV100825,USB Keyboard,P1002,10337,2,97.44,194.88,PayPal,Canada,2024-09-03
INV100826,Noise Cancelling Headphones,P1009,10197,3,132.98,398.94,PayPal,Australia,2023-06-26
INV100827,USB-C Hub,P1008,10400,8,289.4,2315.2,UPI,Canada,2024-02-25
INV100828,USB-C Hub,P1008,10438,7,150.68,1054.76,UPI,France,2024-09-23
INV100829,Gaming Mousepad,P1007,10012,7,80.0,560.0,Credit Card,India,2023-08-23
INV100830,Laptop Stand,P1003,10272,5,289.98,1449.9,UPI,Australia,2024-06-06
INV100831,LED Desk Lamp,P1010,10200,4,212.25,849.0,UPI,France,2024-08-28
INV100832,LED Desk Lamp,P1010,10292,5,145.24,726.2,Credit Card,France,2024-10-13
INV100833,Laptop Stand,P1003,10358,1,111.21,111.21,Credit Card,Australia,2023-10-31
INV100834,Bluetooth Speaker,P1004,10145,9,145.41,1308.69,PayPal,Germany,2024-05-10
INV100835,Wireless Mouse,P1001,10488,3,114.09,342.27,Credit Card,India,2024-03-30
INV100836,Webcam HD,P1005,10030,2,167.86,335.72,UPI,Germany,2023-04-10
INV100837,Bluetooth Speaker,P1004,10165,2,67.54,135.08,PayPal,USA,2023-11-25
INV100838,Laptop Stand,P1003,10108,6,264.65,1587.9,Net Banking,UK,2023-04-10
INV100839,USB-C Hub,P1008,10392,7,184.29,1290.03,Debit Card,Germany,2023-06-11
INV100840,Noise Cancelling Headphones,P1009,10002,8,279.59,2236.72,PayPal,Australia,2023-10-01
INV100841,Gaming Mousepad,P1007,10027,6,195.23,1171.38,Net Banking,UK,2023-05-29
INV100842,Noise Cancelling Headphones,P1009,10355,8,143.11,1144.88,UPI,Germany,2023-03-06
INV100844,External Hard Drive,P1006,10052,1,37.9,37.9,Net Banking,Germany,2024-10-11
INV100845,Webcam HD,P1005,10279,5,1967.56,9837.8,Credit Card,USA,2023-04-12
INV100846,Noise Cancelling Headphones,P1009,10137,2,10.7,21.4,Debit Card,Germany,2024-02-02
INV100847,Laptop Stand,P1003,10101,3,150.4,451.2,UPI,USA,2023-04-21
INV100848,USB Keyboard,P1002,10028,1,272.29,272.29,UPI,Canada,2024-06-19
INV100849,Webcam HD,P1005,10345,9,289.23,2603.07,Credit Card,USA,2023-07-07
INV100850,Laptop Stand,P1003,10155,6,229.88,1379.28,UPI,Germany,2023-04-29
INV100851,LED Desk Lamp,P1010,10459,1,158.78,158.78,Credit Card,Canada,2024-11-28
INV100852,Unknown,P1003,10174,6,10.0,60.0,Unknown,Germany,2024-11-29
INV100853,Bluetooth Speaker,P1004,10390,9,40.46,364.14,UPI,Germany,2023-05-14
INV100854,USB-C Hub,P1008,10441,5,105.83,529.15,Credit Card,UK,2023-02-24
INV100855,Laptop Stand,P1003,10011,7,107.69,753.83,Debit Card,Germany,2024-09-29
INV100856,Bluetooth Speaker,P1004,10227,5,195.71,978.55,Credit Card,Unknown,2024-10-08
INV100857,Bluetooth Speaker,P1004,10263,3,11.96,35.88,Debit Card,India,2023-11-27
INV100858,USB-C Hub,P1008,10455,1,183.81,183.81,Net Banking,USA,2024-05-18
INV100859,Gaming Mousepad,P1007,10194,6,49.94,299.64,Credit Card,Australia,2024-09-07
INV100860,Noise Cancelling Headphones,P1009,10411,9,281.53,2533.77,UPI,USA,2023-08-14
INV100861,Wireless Mouse,P1001,10089,7,203.13,1421.91,Net Banking,Australia,2024-05-30
INV100862,External Hard Drive,P1006,10467,8,4140.76,33126.08,Debit Card,Germany,2024-08-30
INV100863,Wireless Mouse,P1001,10277,2,195.15,390.3,PayPal,Australia,2024-06-23
INV100864,Laptop Stand,P1003,10491,9,65.47,589.23,PayPal,India,2023-03-31
INV100865,External Hard Drive,P1006,10024,7,46.54,325.78,UPI,India,2023-01-26
INV100866,Laptop Stand,P1003,10455,3,48.35,145.05,UPI,USA,2024-11-23
INV100867,Noise Cancelling Headphones,P1009,10458,8,272.39,2179.12,Debit Card,Germany,2024-02-16
INV100868,Wireless Mouse,P1001,10101,1,106.83,106.83,Net Banking,India,2024-07-17
INV100869,USB-C Hub,P1008,10046,8,218.87,1750.96,Debit Card,Canada,2024-07-22
INV100870,Noise Cancelling Headphones,P1009,10083,9,208.55,1876.95,PayPal,France,2023-01-05
INV100871,Noise Cancelling Headphones,P1009,10053,4,72.92,291.68,UPI,France,2023-09-05
INV100873,Wireless Mouse,P1001,10293,5,288.88,1444.4,Credit Card,UK,2024-01-25
INV100874,Noise Cancelling Headphones,P1009,10201,6,229.45,1376.7,PayPal,France,2024-08-12
INV100875,Laptop Stand,P1003,10007,3,53.9,161.7,Credit Card,India,2023-04-03
INV100876,Noise Cancelling Headphones,P1009,10332,1,45.41,45.41,Credit Card,USA,2023-11-27
INV100877,Bluetooth Speaker,P1004,10491,2,256.87,513.74,Net Banking,Australia,2024-10-29
INV100878,USB-C Hub,P1008,10354,6,37.12,222.72,Debit Card,UK,2024-08-02
INV100879,LED Desk Lamp,P1010,10445,8,214.96,1719.68,Net Banking,Australia,2023-03-31
INV100880,USB Keyboard,P1002,10088,9,69.64,626.76,Unknown,Australia,2023-12-23
INV100881,External Hard Drive,P1006,10357,2,180.1,360.2,Credit Card,Canada,2023-11-07
INV100882,USB Keyboard,P1002,10259,6,8.84,53.04,Credit Card,Canada,2024-01-25
INV100883,USB Keyboard,P1002,10353,3,220.98,662.94,Debit Card,Canada,2023-05-05
INV100884,LED Desk Lamp,P1010,10335,1,288.24,288.24,Credit Card,Germany,2023-09-02
INV100885,LED Desk Lamp,P1010,10140,2,290.28,580.56,Debit Card,India,2024-06-03
INV100886,Laptop Stand,P1003,10093,8,233.06,1864.48,PayPal,Canada,2024-05-09
INV100887,USB-C Hub,P1008,10186,1,140.18,140.18,UPI,UK,2024-08-15
INV100888,Gaming Mousepad,P1007,10085,4,171.7,686.8,Debit Card,Canada,2023-04-03
INV100889,LED Desk Lamp,P1010,10100,9,251.45,2263.05,UPI,Australia,2024-07-01
INV100890,External Hard Drive,P1006,10054,5,70.51,352.55,Credit Card,Australia,2023-11-18
INV100891,Webcam HD,P1005,10154,8,243.44,1947.52,Credit Card,UK,2024-09-04
INV100892,Webcam HD,P1005,10172,9,123.82,1114.38,UPI,France,2024-10-14
INV100893,Noise Cancelling Headphones,P1009,10154,4,90.22,360.88,Credit Card,India,2023-09-04
INV100894,USB-C Hub,P1008,10088,2,298.01,596.02,Debit Card,Canada,2024-11-02
INV100895,Bluetooth Speaker,P1004,10116,7,114.66,802.62,Debit Card,Canada,2024-02-08
INV100896,USB Keyboard,P1002,10090,3,22.02,66.06,PayPal,France,2023-12-25
INV100897,USB Keyboard,P1002,10348,1,237.33,237.33,Net Banking,Canada,2023-04-26
INV100898,USB Keyboard,P1002,10323,4,174.28,697.12,Net Banking,France,2023-03-23
INV100899,Gaming Mousepad,P1007,10153,1,75.92,75.92,PayPal,Australia,2023-02-27
INV100900,Wireless Mouse,P1001,10314,4,35.03,140.12,Credit Card,Canada,2023-09-23
INV100901,External Hard Drive,P1006,10400,9,16.48,148.32,Debit Card,USA,2023-07-12
INV100902,Wireless Mouse,P1001,10196,6,260.7,1564.2,PayPal,France,2024-08-02
INV100903,LED Desk Lamp,P1010,10075,8,176.13,1409.04,Debit Card,Germany,2023-04-09
INV100904,Laptop Stand,P1003,10198,3,88.34,265.02,Net Banking,Canada,2024-11-30
INV100905,Webcam HD,P1005,10132,7,284.2,1989.4,Debit Card,USA,2024-07-05
INV100906,USB-C Hub,P1008,10398,5,230.12,1150.6,PayPal,USA,2023-03-25
INV100907,LED Desk Lamp,P1010,10391,2,65.38,130.76,Net Banking,UK,2023-08-09
INV100908,External Hard Drive,P1006,10102,9,92.23,830.07,Net Banking,Germany,2023-04-22
INV100909,External Hard Drive,P1006,10482,9,112.48,1012.32,UPI,India,2023-09-28
INV100910,Laptop Stand,P1003,10279,5,140.7,703.5,PayPal,Germany,2024-01-02
INV100911,Laptop Stand,P1003,10481,8,19.05,152.4,UPI,Australia,2023-06-13
INV100912,Laptop Stand,P1003,10322,8,109.02,872.16,Debit Card,India,2023-01-04
INV100913,LED Desk Lamp,P1010,10180,2,263.39,526.78,UPI,India,2024-04-15
INV100914,USB Keyboard,P1002,10350,8,90.56,724.48,PayPal,Australia,2024-08-03
INV100915,Bluetooth Speaker,P1004,10248,5,230.84,1154.2,PayPal,Germany,2024-05-23
INV100916,Laptop Stand,P1003,10167,6,111.84,671.04,Unknown,Australia,2024-10-11
INV100917,Wireless Mouse,P1001,10316,7,65.06,455.42,PayPal,Australia,2023-03-26
INV100919,External Hard Drive,P1006,10498,4,290.22,1160.88,Net Banking,Australia,2023-02-07
INV100920,Bluetooth Speaker,P1004,10313,4,223.86,895.44,Net Banking,UK,2023-12-09
INV100921,LED Desk Lamp,P1010,10111,2,269.33,538.66,PayPal,Germany,2024-06-20
INV100922,Wireless Mouse,P1001,10495,3,58.58,175.74,Net Banking,Germany,2024-01-17
INV100923,Laptop Stand,P1003,10212,6,1881.95,11291.7,Debit Card,UK,2023-01-22
INV100924,Noise Cancelling Headphones,P1009,10058,6,179.24,1075.44,Credit Card,Germany,2023-09-29
INV100925,Noise Cancelling Headphones,P1009,10031,7,165.63,1159.41,Debit Card,Germany,2023-07-21
INV100926,USB Keyboard,P1002,10464,2,235.29,470.58,Debit Card,France,2024-06-04
INV100927,Gaming Mousepad,P1007,10435,6,83.27,499.62,UPI,Canada,2024-07-13
INV100928,USB-C Hub,P1008,10240,9,43.33,389.97,Debit Card,Canada,2023-04-12
INV100929,Laptop Stand,P1003,10291,1,214.0,214.0,Net Banking,USA,2024-07-16
INV100930,Laptop Stand,P1003,10193,1,280.21,280.21,PayPal,India,2023-03-29
INV100931,Noise Cancelling Headphones,P1009,10378,8,58.16,465.28,Credit Card,USA,2024-02-27
INV100932,External Hard Drive,P1006,10377,6,276.69,1660.14,UPI,Germany,2024-02-11
INV100933,Laptop Stand,P1003,10080,7,255.89,1791.23,PayPal,France,2023-11-09
INV100934,LED Desk Lamp,P1010,10072,2,243.09,486.18,Debit Card,USA,2024-04-21
INV100935,Wireless Mouse,P1001,10244,6,104.01,624.06,PayPal,Canada,2023-11-04
INV100936,USB-C Hub,P1008,10075,3,40.07,120.21,Net Banking,Germany,2024-07-14
INV100937,Laptop Stand,P1003,10270,7,167.05,1169.35,UPI,India,2024-04-18
INV100938,Gaming Mousepad,P1007,10451,4,236.93,947.72,Credit Card,USA,2023-05-08
INV100939,Laptop Stand,P1003,10371,2,9.74,19.48,UPI,Germany,2023-02-12
INV100940,USB-C Hub,P1008,10161,3,8.37,25.11,Net Banking,Canada,2023-09-27
INV100941,External Hard Drive,P1006,10412,7,74.32,520.24,PayPal,Canada,2023-11-11
INV100942,Wireless Mouse,P1001,10338,3,213.33,639.99,Debit Card,India,2023-06-17
INV100943,Noise Cancelling Headphones,P1009,10335,5,153.91,769.55,PayPal,Germany,2023-10-10
INV100944,Wireless Mouse,P1001,10319,6,39.96,239.76,UPI,France,2023-08-28
INV100945,USB-C Hub,P1008,10378,3,285.98,857.94,PayPal,Australia,2024-08-14
INV100946,Laptop Stand,P1003,10427,9,51.4,462.6,Credit Card,Canada,2024-03-27
INV100947,Laptop Stand,P1003,10370,7,98.38,688.66,Net Banking,USA,2023-01-22
INV100948,Gaming Mousepad,P1007,10205,9,240.02,2160.18,Debit Card,Australia,2024-06-02
INV100949,USB-C Hub,P1008,10271,8,280.91,2247.28,Debit Card,Australia,2024-09-17
INV100950,USB Keyboard,P1002,10499,7,272.3,1906.1,PayPal,India,2023-07-29
INV100951,Gaming Mousepad,P1007,10011,8,20.29,162.32,Net Banking,USA,2023-04-23
INV100952,Noise Cancelling Headphones,P1009,10139,5,95.5,477.5,Debit Card,Canada,2023-10-10
INV100953,Laptop Stand,P1003,10056,1,280.82,280.82,UPI,Germany,2024-05-31
INV100954,Webcam HD,P1005,10032,5,25.16,125.8,Credit Card,USA,2023-02-28
INV100957,Bluetooth Speaker,P1004,10390,1,194.31,194.31,PayPal,India,2024-11-24
INV100958,LED Desk Lamp,P1010,10247,7,2673.34,18713.38,PayPal,Australia,2024-04-21
INV100959,Bluetooth Speaker,P1004,10318,4,86.97,347.88,Debit Card,India,2023-12-04
INV100960,Wireless Mouse,P1001,10061,9,294.21,2647.89,Credit Card,India,2023-08-06
INV100961,USB Keyboard,P1002,10324,1,35.42,35.42,PayPal,Canada,2024-07-23
INV100962,LED Desk Lamp,P1010,10467,9,222.68,2004.12,UPI,Canada,2024-04-18
INV100963,Wireless Mouse,P1001,10203,9,65.31,587.79,Credit Card,Germany,2024-11-19
INV100964,Gaming Mousepad,P1007,10344,7,82.96,580.72,UPI,India,2023-04-08
INV100965,External Hard Drive,P1006,10279,3,84.22,252.66,Credit Card,Canada,2024-09-27
INV100966,USB Keyboard,P1002,10294,6,290.72,1744.32,Net Banking,India,2024-03-14
INV100967,LED Desk Lamp,P1010,10437,6,25.16,150.96,UPI,Canada,2024-07-06
INV100968,Webcam HD,P1005,10482,4,181.72,726.88,PayPal,USA,2024-08-18
INV100969,LED Desk Lamp,P1010,10206,2,83.88,167.76,Debit Card,France,2023-05-14
INV100970,LED Desk Lamp,P1010,10325,9,213.46,1921.14,Credit Card,India,2024-07-13
INV100971,USB-C Hub,P1008,10257,9,160.1,1440.9,PayPal,France,2023-02-28
INV100972,Gaming Mousepad,P1007,10472,4,284.29,1137.16,Debit Card,Australia,2023-06-03
INV100973,Wireless Mouse,P1001,10434,5,283.7,1418.5,UPI,India,2024-10-23
INV100975,External Hard Drive,P1006,10368,9,19.89,179.01,Debit Card,France,2024-03-24
INV100976,Bluetooth Speaker,P1004,10163,4,281.2,1124.8,Credit Card,Germany,2023-05-17
INV100977,Laptop Stand,P1003,10072,3,287.49,862.47,UPI,Canada,2024-02-24
INV100978,Unknown,P1008,10329,6,293.22,1759.32,PayPal,France,2024-10-18
INV100979,Webcam HD,P1005,10418,2,224.13,448.26,Debit Card,India,2024-11-20
INV100980,LED Desk Lamp,P1010,10408,4,225.77,903.08,Credit Card,UK,2023-05-07
INV100981,Laptop Stand,P1003,10410,4,133.15,532.6,PayPal,Australia,2023-03-14
INV100982,Laptop Stand,P1003,10376,3,178.89,536.67,UPI,France,2023-02-12
INV100983,External Hard Drive,P1006,10492,9,76.4,687.6,UPI,USA,2023-07-31
INV100984,USB-C Hub,P1008,10110,8,197.93,1583.44,Credit Card,USA,2023-05-31
INV100985,External Hard Drive,P1006,10224,4,9.05,36.2,PayPal,Germany,2024-07-28
INV100986,Wireless Mouse,P1001,10431,9,9.66,86.94,Net Banking,UK,2023-10-26
INV100987,Noise Cancelling Headphones,P1009,10433,2,23.45,46.9,PayPal,India,2023-03-02
INV100988,Laptop Stand,P1003,10330,3,68.53,205.59,PayPal,France,2023-06-10
INV100989,USB Keyboard,P1002,10037,2,2332.14,4664.28,Credit Card,Canada,2023-12-04
INV100990,External Hard Drive,P1006,10076,3,150.58,451.74,UPI,Australia,2023-11-15
INV100991,Wireless Mouse,P1001,10237,8,64.08,512.64,Debit Card,UK,2024-08-25
INV100992,Bluetooth Speaker,P1004,10208,8,25.2,201.6,Credit Card,Australia,2024-05-04
INV100994,Noise Cancelling Headphones,P1009,10036,7,84.31,590.17,Debit Card,UK,2024-11-24
INV100995,Webcam HD,P1005,10340,9,15.33,137.97,PayPal,UK,2023-07-06
INV100996,USB-C Hub,P1008,10122,2,190.92,381.84,Credit Card,India,2023-12-29
INV100997,Gaming Mousepad,P1007,10113,6,131.14,786.84,PayPal,Canada,2024-02-24
INV100998,USB-C Hub,P1008,10353,5,236.28,1181.4,PayPal,Unknown,2024-06-13
INV100999,USB Keyboard,P1002,10184,6,236.6,1419.6,Credit Card,USA,2024-11-28
INV101000,USB-C Hub,P1008,10060,4,179.12,716.48,Net Banking,France,2023-05-15
INV101001,USB-C Hub,P1008,10128,6,13.35,80.1,UPI,Canada,2023-07-26
INV101002,External Hard Drive,P1006,10384,7,215.32,1507.24,UPI,France,2023-05-01
INV101003,USB-C Hub,P1008,10496,6,52.05,312.3,Net Banking,Germany,2024-10-06
INV101004,Laptop Stand,P1003,10302,5,225.3,1126.5,Credit Card,Canada,2024-09-12
INV101005,Gaming Mousepad,P1007,10128,4,136.63,546.52,Credit Card,Australia,2023-03-10
INV101006,Webcam HD,P1005,10311,4,277.75,1111.0,Debit Card,Canada,2023-10-10
INV101007,Noise Cancelling Headphones,P1009,10318,7,80.19,561.33,PayPal,USA,2023-03-02
INV101008,Gaming Mousepad,P1007,10301,4,262.43,1049.72,Debit Card,Canada,2023-11-07
INV101009,Laptop Stand,P1003,10109,7,286.08,2002.56,Net Banking,Canada,2024-07-01
INV101010,USB Keyboard,P1002,10368,1,154.16,154.16,Net Banking,France,2023-04-07
INV101011,Laptop Stand,P1003,10498,5,271.55,1357.75,PayPal,Australia,2023-01-06
INV101012,Gaming Mousepad,P1007,10117,3,107.92,323.76,Debit Card,USA,2024-02-29
INV101014,USB-C Hub,P1008,10312,7,141.24,988.68,Debit Card,USA,2024-02-18
INV101015,External Hard Drive,P1006,10164,6,92.3,553.8,UPI,Germany,2023-08-27
INV101016,USB Keyboard,P1002,10371,7,57.88,405.16,Debit Card,France,2024-07-11
INV101017,Webcam HD,P1005,10103,7,131.73,922.11,PayPal,India,2023-09-04
INV101018,External Hard Drive,P1006,10107,5,217.03,1085.15,PayPal,Germany,2024-10-07
INV101019,Gaming Mousepad,P1007,10413,2,92.55,185.1,PayPal,Germany,2023-10-16
INV101020,Bluetooth Speaker,P1004,10425,1,127.19,127.19,UPI,Germany,2024-02-20
INV101021,Gaming Mousepad,P1007,10494,3,76.25,228.75,Credit Card,USA,2024-10-11
INV101022,USB Keyboard,P1002,10027,3,70.6,211.8,Net Banking,Australia,2023-08-22
INV101023,Laptop Stand,P1003,10146,7,22.03,154.21,PayPal,Germany,2023-05-07
INV101024,Gaming Mousepad,P1007,10151,6,69.77,418.62,Net Banking,France,2024-02-16
INV101025,Gaming Mousepad,P1007,10174,8,295.94,2367.52,Net Banking,Canada,2023-05-17
INV101026,Bluetooth Speaker,P1004,10194,1,131.54,131.54,UPI,Canada,2023-01-19
INV101027,Wireless Mouse,P1001,10412,8,212.13,1697.04,PayPal,India,2024-03-24
INV101028,USB-C Hub,P1008,10245,2,101.63,203.26,UPI,Canada,2023-05-21
INV101029,USB-C Hub,P1008,10204,1,191.27,191.27,Net Banking,USA,2023-08-27
INV101030,USB Keyboard,P1002,10412,1,151.23,151.23,Credit Card,Canada,2023-11-13
INV101031,External Hard Drive,P1006,10016,7,47.14,329.98,PayPal,Germany,2023-10-09
INV101032,External Hard Drive,P1006,10450,7,38.71,270.97,Debit Card,UK,2023-11-01
INV101033,Wireless Mouse,P1001,10308,7,233.03,1631.21,PayPal,France,2023-04-13
INV101034,Webcam HD,P1005,10170,1,10.35,10.35,UPI,India,2024-06-12
INV101035,LED Desk Lamp,P1010,10206,9,203.61,1832.49,UPI,India,2024-01-22
INV101036,Webcam HD,P1005,10143,5,70.46,352.3,Credit Card,India,2024-01-15
INV101037,LED Desk Lamp,P1010,10119,9,220.74,1986.66,UPI,Germany,2023-03-14
