InvoiceNo;ProductName;ProductCode;CustomerID;Quantity;UnitPrice;Revenue;PaymentMethod;Country;InvoiceDate
INV100000;"USB Keyboard";P1002;10106;7;239.98;1679.86;"Credit Card";Australia;9/28/2023
INV100002;"Noise Cancelling Headphones";P1009;10087;3;34.49;103.47;PayPal;Australia;4/3/2024
INV100003;"Gaming Mousepad";P1007;10130;5;182.33;911.65;"Debit Card";India;10/25/2024
INV100004;Unknown;P1007;10491;6;21.64;129.84;"Credit Card";UK;12/10/2023
INV100005;"USB Keyboard";P1002;10160;6;5.23;31.38;"Credit Card";UK;10/4/2023
INV100006;"USB-C Hub";P1008;10474;6;7.08;42.48;UPI;Canada;7/14/2024
INV100007;"LED Desk Lamp";P1010;10319;3;117.83;353.49;"Credit Card";India;9/1/2023
INV100008;"Bluetooth Speaker";P1004;10020;9;18.70;168.30;"Credit Card";France;10/8/2024
INV100009;"Gaming Mousepad";P1007;10088;9;24.19;217.71;UPI;UK;1/23/2024
INV100010;Unknown;P1004;10052;2;118.70;237.40;PayPal;India;12/12/2023
INV100011;"Laptop Stand";P1003;10443;2;206.85;413.70;PayPal;UK;1/2/2024
INV100012;"Bluetooth Speaker";P1004;10205;7;184.95;1294.65;"Credit Card";USA;2/4/2023
INV100013;"External Hard Drive";P1006;10001;1;81.34;81.34;UPI;Canada;1/23/2024
INV100014;"Bluetooth Speaker";P1004;10190;6;66.34;398.04;"Debit Card";Germany;4/21/2024
INV100015;"Webcam HD";P1005;10201;2;233.66;467.32;PayPal;Australia;6/11/2023
INV100016;"Gaming Mousepad";P1007;10455;4;181.38;725.52;PayPal;USA;9/28/2023
INV100017;"USB-C Hub";P1008;10212;7;158.65;1110.55;"Debit Card";Australia;10/23/2023
INV100018;"Gaming Mousepad";P1007;10251;2;164.21;328.42;PayPal;Germany;8/5/2023
INV100020;"Noise Cancelling Headphones";P1009;10491;7;129.90;909.30;"Net Banking";Unknown;5/9/2023
INV100021;"Laptop Stand";P1003;10498;8;6.63;53.04;PayPal;UK;5/19/2023
INV100022;"Laptop Stand";P1003;10288;1;214.85;214.85;PayPal;France;2/23/2024
INV100023;"LED Desk Lamp";P1010;10027;5;278.26;1391.30;PayPal;France;2/10/2023
INV100024;"Wireless Mouse";P1001;10047;7;255.76;1790.32;UPI;UK;2/2/2023
INV100025;"Bluetooth Speaker";P1004;10171;7;96.74;677.18;"Net Banking";India;4/9/2023
INV100026;"USB Keyboard";P1002;10448;8;86.04;688.32;"Net Banking";Australia;6/30/2024
INV100027;"Noise Cancelling Headphones";P1009;10130;3;40.28;120.84;PayPal;USA;4/6/2024
INV100028;"Bluetooth Speaker";P1004;10254;1;217.91;217.91;"Net Banking";UK;5/17/2024
INV100029;"Noise Cancelling Headphones";P1009;10014;7;16.93;118.51;PayPal;Unknown;7/26/2023
INV100030;"Noise Cancelling Headphones";P1009;10051;3;14.27;42.81;"Credit Card";Australia;8/29/2023
INV100031;"Bluetooth Speaker";P1004;10230;4;272.73;1090.92;"Debit Card";Canada;2/11/2024
INV100032;"Webcam HD";P1005;10242;4;283.14;1132.56;PayPal;Canada;11/29/2024
INV100033;"USB-C Hub";P1008;10044;6;264.74;1588.44;"Credit Card";India;11/12/2024
INV100034;"Gaming Mousepad";P1007;10107;9;36.12;325.08;"Credit Card";India;1/28/2023
INV100035;"Wireless Mouse";P1001;10127;4;268.30;1073.20;"Debit Card";USA;11/27/2023
INV100036;"Bluetooth Speaker";P1004;10189;7;269.35;1885.45;"Debit Card";Germany;8/19/2023
INV100037;"USB Keyboard";P1002;10445;1;85.28;85.28;PayPal;India;10/10/2023
INV100038;"Wireless Mouse";P1001;10358;9;246.31;2216.79;"Net Banking";USA;9/16/2023
INV100039;Unknown;P1008;10317;6;155.67;934.02;"Net Banking";USA;10/10/2024
INV100040;"Wireless Mouse";P1001;10171;5;209.27;1046.35;UPI;Germany;8/22/2023
INV100041;"Gaming Mousepad";P1007;10159;8;283.16;2265.28;"Net Banking";Australia;1/9/2024
INV100042;Unknown;P1003;10317;8;212.39;1699.12;PayPal;Australia;4/23/2023
INV100043;"Wireless Mouse";P1001;10294;1;79.91;79.91;PayPal;Canada;9/25/2023
INV100044;"Laptop Stand";P1003;10112;2;215.12;430.24;PayPal;India;9/4/2024
INV100045;"USB Keyboard";P1002;10001;8;15.88;127.04;"Debit Card";Canada;4/23/2023
INV100046;"LED Desk Lamp";P1010;10384;2;126.26;252.52;PayPal;Canada;8/13/2023
INV100047;"Noise Cancelling Headphones";P1009;10171;3;205.81;617.43;"Debit Card";UK;2/22/2023
INV100048;"Webcam HD";P1005;10202;6;76.41;458.46;"Credit Card";UK;3/14/2024
INV100049;"Wireless Mouse";P1001;10279;8;75.10;600.80;PayPal;India;10/21/2023
INV100050;"Bluetooth Speaker";P1004;10469;5;191.53;957.65;"Debit Card";India;7/17/2023
INV100051;"External Hard Drive";P1006;10325;1;49.46;49.46;PayPal;UK;7/6/2023
INV100052;"Noise Cancelling Headphones";P1009;10345;3;3710.26;11130.78;"Credit Card";Australia;2/7/2024
INV100053;"Laptop Stand";P1003;10351;3;243.80;731.40;UPI;USA;5/28/2023
INV100054;"Webcam HD";P1005;10038;7;56.44;395.08;UPI;Australia;10/1/2024
INV100055;"Noise Cancelling Headphones";P1009;10433;2;252.12;504.24;"Net Banking";India;4/17/2024
INV100056;"Webcam HD";P1005;10098;7;164.73;1153.11;"Debit Card";UK;10/25/2023
INV100058;"Noise Cancelling Headphones";P1009;10384;9;157.41;1416.69;"Debit Card";Germany;1/2/2023
INV100059;"Wireless Mouse";P1001;10232;5;270.62;1353.10;"Credit Card";France;1/9/2023
INV100060;"External Hard Drive";P1006;10130;3;211.61;634.83;PayPal;France;7/27/2023
INV100061;"Gaming Mousepad";P1007;10160;4;266.69;1066.76;"Debit Card";USA;4/30/2023
INV100062;"Laptop Stand";P1003;10455;8;256.02;2048.16;"Net Banking";UK;9/16/2024
INV100063;"Bluetooth Speaker";P1004;10226;4;270.07;1080.28;"Credit Card";France;9/11/2023
INV100064;"USB-C Hub";P1008;10193;9;200.73;1806.57;"Debit Card";UK;12/4/2023
INV100065;"Bluetooth Speaker";P1004;10483;6;137.29;823.74;"Credit Card";France;11/11/2024
INV100066;"Webcam HD";P1005;10276;1;10.33;10.33;PayPal;France;2/2/2024
INV100067;"External Hard Drive";P1006;10134;4;113.11;452.44;PayPal;USA;1/27/2024
INV100068;"Webcam HD";P1005;10175;3;199.00;597.00;UPI;France;2/2/2023
INV100069;"Gaming Mousepad";P1007;10237;3;192.72;578.16;"Debit Card";Canada;1/22/2023
INV100070;"Webcam HD";P1005;10437;6;293.77;1762.62;PayPal;France;7/16/2024
INV100071;"Bluetooth Speaker";P1004;10276;8;191.19;1529.52;PayPal;UK;8/14/2023
INV100072;"External Hard Drive";P1006;10452;1;175.19;175.19;UPI;Canada;4/25/2024
INV100073;"Gaming Mousepad";P1007;10048;3;173.74;521.22;"Net Banking";USA;7/11/2023
INV100074;"Gaming Mousepad";P1007;10476;1;298.39;298.39;"Net Banking";UK;6/7/2023
INV100075;"Noise Cancelling Headphones";P1009;10279;5;265.63;1328.15;PayPal;France;2/6/2023
INV100076;"LED Desk Lamp";P1010;10098;1;168.07;168.07;PayPal;USA;8/29/2024
INV100077;"USB-C Hub";P1008;10468;1;27.23;27.23;"Credit Card";Australia;9/10/2023
INV100078;"Webcam HD";P1005;10127;7;84.20;589.40;"Debit Card";France;11/19/2023
INV100080;"LED Desk Lamp";P1010;10287;3;173.17;519.51;PayPal;Australia;9/17/2024
INV100081;"Bluetooth Speaker";P1004;10154;6;110.80;664.80;"Credit Card";USA;9/30/2024
INV100082;"USB Keyboard";P1002;10416;2;100.15;200.30;PayPal;Australia;4/14/2023
INV100083;"USB-C Hub";P1008;10038;9;212.23;1910.07;"Debit Card";Germany;6/25/2023
INV100084;"USB-C Hub";P1008;10012;7;128.84;901.88;"Net Banking";France;2/12/2024
INV100085;"LED Desk Lamp";P1010;10019;7;152.95;1070.65;"Net Banking";Canada;11/15/2024
INV100086;"Laptop Stand";P1003;10141;1;25.93;25.93;UPI;USA;2/4/2024
INV100087;"Noise Cancelling Headphones";P1009;10353;3;104.71;314.13;UPI;Australia;4/2/2023
INV100088;"Bluetooth Speaker";P1004;10152;2;134.35;268.70;"Debit Card";USA;2/20/2023
INV100089;"Bluetooth Speaker";P1004;10304;6;179.30;1075.80;"Net Banking";Unknown;12/8/2023
INV100090;"External Hard Drive";P1006;10490;4;16.46;65.84;"Net Banking";Germany;2/23/2023
INV100091;"LED Desk Lamp";P1010;10059;5;159.06;795.30;"Net Banking";Canada;2/22/2023
INV100092;"USB-C Hub";P1008;10046;5;4368.09;21840.45;"Net Banking";France;12/16/2023
INV100093;Unknown;P1009;10268;3;193.04;579.12;"Net Banking";USA;10/17/2024
INV100094;"Bluetooth Speaker";P1004;10146;2;157.31;314.62;"Net Banking";Australia;10/31/2024
INV100095;"Laptop Stand";P1003;10057;1;122.65;122.65;"Credit Card";Canada;8/26/2024
INV100096;"Gaming Mousepad";P1007;10116;7;79.00;553.00;"Debit Card";Germany;4/18/2024
INV100097;"USB-C Hub";P1008;10057;7;131.35;919.45;UPI;Germany;10/2/2024
INV100098;"External Hard Drive";P1006;10125;1;135.49;135.49;"Net Banking";Unknown;4/6/2023
INV100099;"Webcam HD";P1005;10236;6;215.81;1294.86;UPI;India;5/2/2024
INV100100;"Bluetooth Speaker";P1004;10486;5;193.29;966.45;"Credit Card";France;7/8/2023
INV100101;"Bluetooth Speaker";P1004;10450;5;185.46;927.30;"Net Banking";USA;9/4/2023
INV100102;"USB Keyboard";P1002;10284;3;228.56;685.68;UPI;France;11/27/2024
INV100103;"Laptop Stand";P1003;10237;5;32.78;163.90;"Debit Card";France;4/4/2023
INV100104;"Webcam HD";P1005;10473;4;56.72;226.88;"Net Banking";Australia;8/6/2023
INV100105;"Gaming Mousepad";P1007;10253;5;144.67;723.35;"Debit Card";France;10/16/2023
INV100106;"USB Keyboard";P1002;10245;5;122.56;612.80;"Credit Card";France;6/5/2024
INV100107;"LED Desk Lamp";P1010;10222;5;266.57;1332.85;"Credit Card";UK;6/29/2023
INV100108;"Noise Cancelling Headphones";P1009;10492;3;153.43;460.29;"Credit Card";Germany;11/21/2023
INV100109;"Gaming Mousepad";P1007;10246;4;186.68;746.72;"Debit Card";Australia;12/2/2023
INV100110;"Gaming Mousepad";P1007;10474;2;12.82;25.64;PayPal;Canada;6/9/2023
INV100111;"USB-C Hub";P1008;10162;4;174.76;699.04;"Debit Card";UK;11/20/2024
INV100112;"USB Keyboard";P1002;10426;1;140.18;140.18;PayPal;Canada;11/21/2024
INV100113;"Gaming Mousepad";P1007;10416;5;189.65;948.25;"Debit Card";Germany;7/30/2024
INV100114;"External Hard Drive";P1006;10284;8;272.08;2176.64;UPI;Australia;7/9/2024
INV100115;"Noise Cancelling Headphones";P1009;10263;2;3473.02;6946.04;"Net Banking";Australia;3/31/2023
INV100116;"USB-C Hub";P1008;10313;2;81.90;163.80;"Net Banking";Australia;7/15/2023
INV100117;"USB-C Hub";P1008;10412;5;107.76;538.80;"Debit Card";Australia;3/16/2023
INV100118;"Webcam HD";P1005;10248;8;221.85;1774.80;"Net Banking";UK;10/4/2023
INV100119;"Noise Cancelling Headphones";P1009;10407;4;57.34;229.36;"Debit Card";UK;4/1/2024
INV100120;"USB Keyboard";P1002;10465;3;297.20;891.60;"Debit Card";France;7/1/2024
INV100121;"Bluetooth Speaker";P1004;10150;1;234.04;234.04;PayPal;France;10/25/2024
INV100122;"LED Desk Lamp";P1010;10012;5;75.39;376.95;UPI;USA;11/25/2024
INV100123;"Laptop Stand";P1003;10368;7;227.59;1593.13;"Credit Card";India;9/30/2023
INV100124;"Noise Cancelling Headphones";P1009;10396;4;248.80;995.20;"Net Banking";France;12/8/2023
INV100125;"USB Keyboard";P1002;10444;3;119.81;359.43;UPI;Germany;1/31/2024
INV100126;Unknown;P1003;10454;9;254.91;2294.19;"Credit Card";India;9/22/2023
INV100127;"Gaming Mousepad";P1007;10143;4;174.16;696.64;"Debit Card";USA;1/2/2024
INV100128;"LED Desk Lamp";P1010;10024;5;32.05;160.25;"Net Banking";Canada;1/31/2024
INV100129;"LED Desk Lamp";P1010;10052;4;203.39;813.56;"Net Banking";Germany;4/28/2024
INV100130;"USB-C Hub";P1008;10108;7;235.48;1648.36;PayPal;Canada;2/8/2023
INV100131;"Wireless Mouse";P1001;10222;5;150.85;754.25;"Debit Card";USA;2/2/2024
INV100132;"Webcam HD";P1005;10330;5;222.43;1112.15;"Debit Card";India;8/23/2023
INV100133;"Wireless Mouse";P1001;10073;2;290.75;581.50;"Debit Card";India;1/9/2023
INV100134;"Webcam HD";P1005;10173;1;34.83;34.83;"Debit Card";Australia;6/2/2024
INV100135;"Webcam HD";P1005;10193;8;26.47;211.76;"Net Banking";USA;9/25/2024
INV100136;"USB Keyboard";P1002;10338;5;156.43;782.15;"Debit Card";France;2/26/2024
INV100137;"USB Keyboard";P1002;10499;8;115.41;923.28;PayPal;France;12/8/2023
INV100138;"Webcam HD";P1005;10300;1;284.44;284.44;UPI;Germany;8/5/2023
INV100139;"Noise Cancelling Headphones";P1009;10414;4;108.31;433.24;UPI;Germany;9/9/2023
INV100140;"LED Desk Lamp";P1010;10166;3;234.26;702.78;PayPal;France;7/1/2023
INV100141;"LED Desk Lamp";P1010;10172;3;37.80;113.40;PayPal;UK;3/26/2024
INV100142;"Wireless Mouse";P1001;10147;2;143.25;286.50;UPI;Germany;2/27/2023
INV100143;"Laptop Stand";P1003;10422;8;39.67;317.36;"Net Banking";India;12/27/2023
INV100144;"External Hard Drive";P1006;10189;1;205.91;205.91;UPI;USA;12/14/2023
INV100145;"Gaming Mousepad";P1007;10408;9;115.59;1040.31;PayPal;France;1/4/2024
INV100146;"Wireless Mouse";P1001;10133;8;160.87;1286.96;"Net Banking";France;4/27/2023
INV100148;"Wireless Mouse";P1001;10019;5;79.63;398.15;"Net Banking";Australia;10/20/2024
INV100149;"Wireless Mouse";P1001;10304;9;159.31;1433.79;"Net Banking";Germany;8/21/2023
INV100150;"USB Keyboard";P1002;10143;1;190.13;190.13;"Debit Card";Australia;9/16/2023
INV100151;"Webcam HD";P1005;10329;7;18.41;128.87;"Credit Card";France;1/12/2023
INV100152;"USB-C Hub";P1008;10155;8;121.38;971.04;UPI;Australia;2/12/2024
INV100153;"Noise Cancelling Headphones";P1009;10163;5;86.83;434.15;"Debit Card";Germany;12/14/2023
INV100154;"USB-C Hub";P1008;10027;8;109.24;873.92;"Debit Card";Canada;6/27/2023
INV100155;"USB Keyboard";P1002;10446;5;292.45;1462.25;PayPal;France;5/16/2024
INV100156;"Webcam HD";P1005;10219;1;87.53;87.53;PayPal;Canada;4/5/2024
INV100157;"USB-C Hub";P1008;10370;3;247.65;742.95;PayPal;UK;8/16/2024
INV100158;"Noise Cancelling Headphones";P1009;10009;5;185.96;929.80;Unknown;Australia;3/25/2024
INV100159;"LED Desk Lamp";P1010;10364;8;263.62;2108.96;"Net Banking";UK;9/8/2023
INV100160;"Gaming Mousepad";P1007;10064;5;12.78;63.90;"Net Banking";USA;1/9/2024
INV100161;"Wireless Mouse";P1001;10266;2;296.25;592.50;"Net Banking";India;6/26/2023
INV100162;"USB Keyboard";P1002;10341;5;226.13;1130.65;"Debit Card";Germany;8/5/2023
INV100163;"USB Keyboard";P1002;10104;1;252.31;252.31;"Net Banking";Australia;9/1/2024
INV100164;"USB Keyboard";P1002;10495;3;44.49;133.47;UPI;Germany;2/9/2024
INV100165;"USB-C Hub";P1008;10357;7;260.09;1820.63;UPI;Australia;10/6/2024
INV100166;"Bluetooth Speaker";P1004;10164;3;168.85;506.55;"Credit Card";Australia;7/18/2024
INV100168;"Webcam HD";P1005;10448;1;286.45;286.45;PayPal;Germany;3/21/2024
INV100169;"Laptop Stand";P1003;10347;1;228.31;228.31;Unknown;Canada;2/3/2023
INV100170;"USB-C Hub";P1008;10161;8;11.54;92.32;"Net Banking";Unknown;9/7/2023
INV100171;"Webcam HD";P1005;10267;6;232.83;1396.98;PayPal;UK;11/2/2023
INV100172;"Laptop Stand";P1003;10477;1;167.81;167.81;"Net Banking";UK;1/24/2024
INV100173;"Webcam HD";P1005;10406;9;179.04;1611.36;"Net Banking";France;10/30/2023
INV100174;"USB Keyboard";P1002;10074;5;187.99;939.95;UPI;Australia;7/31/2024
INV100175;"Wireless Mouse";P1001;10097;3;271.43;814.29;"Credit Card";Canada;11/2/2023
INV100176;"LED Desk Lamp";P1010;10446;2;120.71;241.42;"Debit Card";France;3/10/2024
INV100177;"LED Desk Lamp";P1010;10480;2;107.74;215.48;"Debit Card";UK;6/15/2023
INV100178;"USB Keyboard";P1002;10246;8;273.59;2188.72;"Credit Card";Germany;6/25/2024
INV100179;"LED Desk Lamp";P1010;10183;3;210.80;632.40;"Net Banking";UK;5/18/2023
INV100180;"Laptop Stand";P1003;10339;1;150.17;150.17;PayPal;UK;5/22/2024
INV100181;"Noise Cancelling Headphones";P1009;10449;8;18.53;148.24;"Net Banking";France;2/22/2023
INV100182;"Webcam HD";P1005;10182;3;163.49;490.47;"Debit Card";India;10/24/2024
INV100183;"Bluetooth Speaker";P1004;10387;6;210.81;1264.86;PayPal;France;12/26/2023
INV100184;"External Hard Drive";P1006;10154;8;126.44;1011.52;"Net Banking";India;7/14/2023
INV100185;"External Hard Drive";P1006;10402;2;182.57;365.14;UPI;France;2/20/2023
INV100186;"USB Keyboard";P1002;10169;5;54.84;274.20;UPI;Canada;8/26/2024
INV100187;"LED Desk Lamp";P1010;10132;6;31.17;187.02;UPI;Australia;5/27/2024
INV100188;"Gaming Mousepad";P1007;10033;9;110.02;990.18;"Credit Card";Germany;2/15/2023
INV100189;"USB Keyboard";P1002;10281;1;153.51;153.51;PayPal;UK;3/14/2023
INV100190;"Gaming Mousepad";P1007;10238;9;146.94;1322.46;"Credit Card";Australia;8/2/2023
INV100191;"USB-C Hub";P1008;10060;8;262.71;2101.68;Unknown;Australia;2/17/2023
INV100192;"Bluetooth Speaker";P1004;10007;1;86.68;86.68;UPI;India;9/14/2023
INV100193;"Noise Cancelling Headphones";P1009;10206;1;181.20;181.20;"Debit Card";UK;11/22/2024
INV100194;"USB Keyboard";P1002;10027;8;147.93;1183.44;PayPal;USA;4/18/2024
INV100195;"Wireless Mouse";P1001;10364;7;161.72;1132.04;PayPal;France;1/21/2024
INV100196;"Bluetooth Speaker";P1004;10110;8;44.27;354.16;"Debit Card";USA;1/3/2023
INV100197;"External Hard Drive";P1006;10492;7;155.94;1091.58;"Debit Card";UK;5/22/2024
INV100198;"Laptop Stand";P1003;10191;2;136.99;273.98;"Credit Card";France;1/15/2023
INV100199;"Laptop Stand";P1003;10440;9;1729.14;15562.26;"Credit Card";Unknown;2/8/2023
INV100200;"Laptop Stand";P1003;10125;1;67.38;67.38;"Credit Card";India;4/18/2024
INV100201;"USB-C Hub";P1008;10024;9;267.71;2409.39;PayPal;Germany;7/31/2023
INV100202;"Bluetooth Speaker";P1004;10108;4;109.76;439.04;PayPal;France;8/21/2023
INV100203;"Webcam HD";P1005;10469;2;30.64;61.28;"Net Banking";Germany;4/21/2023
INV100204;"Gaming Mousepad";P1007;10235;2;169.53;339.06;"Credit Card";India;1/4/2024
INV100205;"External Hard Drive";P1006;10005;3;116.74;350.22;PayPal;Australia;9/4/2024
INV100206;"Noise Cancelling Headphones";P1009;10439;4;195.55;782.20;"Net Banking";UK;3/18/2024
INV100207;"Noise Cancelling Headphones";P1009;10436;6;183.70;1102.20;PayPal;France;10/16/2023
INV100208;"Bluetooth Speaker";P1004;10111;6;71.47;428.82;"Net Banking";France;8/4/2024
INV100209;"Gaming Mousepad";P1007;10317;4;255.99;1023.96;UPI;Australia;3/21/2024
INV100210;Unknown;P1006;10030;8;269.55;2156.40;"Credit Card";India;8/31/2023
INV100211;"USB Keyboard";P1002;10005;8;210.60;1684.80;PayPal;USA;8/11/2023
INV100212;"Wireless Mouse";P1001;10003;2;174.92;349.84;"Net Banking";India;3/16/2023
INV100213;"External Hard Drive";P1006;10485;6;292.64;1755.84;"Credit Card";Australia;8/28/2024
INV100214;"Webcam HD";P1005;10334;3;247.15;741.45;"Debit Card";USA;7/13/2023
INV100215;"USB-C Hub";P1008;10299;8;145.60;1164.80;"Credit Card";UK;6/22/2023
INV100216;"Webcam HD";P1005;10323;5;60.18;300.90;PayPal;France;4/28/2023
INV100217;"LED Desk Lamp";P1010;10112;3;63.85;191.55;UPI;Australia;6/15/2024
INV100218;"Wireless Mouse";P1001;10037;1;185.13;185.13;UPI;UK;11/16/2023
INV100219;"Wireless Mouse";P1001;10355;5;154.30;771.50;"Debit Card";India;5/25/2024
INV100220;"Wireless Mouse";P1001;10009;3;20.29;60.87;UPI;Germany;11/20/2024
INV100221;"Laptop Stand";P1003;10385;5;23.70;118.50;PayPal;Unknown;6/21/2023
INV100222;"USB Keyboard";P1002;10318;8;243.91;1951.28;"Credit Card";India;11/17/2023
INV100223;"Webcam HD";P1005;10418;5;5.80;29.00;UPI;Germany;7/3/2024
INV100224;"Bluetooth Speaker";P1004;10433;1;255.96;255.96;PayPal;UK;8/24/2023
INV100225;"USB-C Hub";P1008;10417;5;220.61;1103.05;"Credit Card";Canada;5/17/2023
INV100226;"Wireless Mouse";P1001;10319;3;24.62;73.86;UPI;France;10/23/2023
INV100228;"Gaming Mousepad";P1007;10338;3;53.46;160.38;UPI;Australia;1/5/2023
INV100229;"USB Keyboard";P1002;10088;4;98.28;393.12;"Credit Card";Germany;2/11/2023
INV100230;"External Hard Drive";P1006;10103;2;245.90;491.80;UPI;Germany;10/22/2023
INV100231;"USB Keyboard";P1002;10062;3;189.11;567.33;"Net Banking";Canada;1/23/2023
INV100232;"External Hard Drive";P1006;10494;1;73.50;73.50;"Net Banking";Canada;8/13/2023
INV100233;"Noise Cancelling Headphones";P1009;10103;7;161.90;1133.30;UPI;USA;9/7/2024
INV100234;"Laptop Stand";P1003;10133;3;165.14;495.42;UPI;USA;7/17/2023
INV100235;"External Hard Drive";P1006;10447;3;190.17;570.51;"Credit Card";USA;7/7/2024
INV100236;"Laptop Stand";P1003;10288;4;239.24;956.96;"Credit Card";France;10/30/2024
INV100237;"Laptop Stand";P1003;10156;4;223.73;894.92;PayPal;Canada;2/24/2024
INV100238;"USB-C Hub";P1008;10438;6;226.96;1361.76;UPI;Canada;2/15/2024
INV100239;"External Hard Drive";P1006;10321;1;14.89;14.89;UPI;UK;8/20/2024
INV100240;"LED Desk Lamp";P1010;10293;5;263.65;1318.25;"Credit Card";Germany;4/28/2023
INV100241;"Wireless Mouse";P1001;10014;4;139.82;559.28;"Credit Card";France;11/26/2024
INV100242;"LED Desk Lamp";P1010;10323;8;49.23;393.84;"Credit Card";France;2/16/2023
INV100243;"USB-C Hub";P1008;10242;2;8.60;17.20;"Net Banking";Canada;9/18/2024
INV100244;"Noise Cancelling Headphones";P1009;10068;4;165.10;660.40;UPI;France;10/10/2023
INV100245;"USB Keyboard";P1002;10133;4;58.57;234.28;"Net Banking";Germany;7/3/2024
INV100246;"Noise Cancelling Headphones";P1009;10301;8;129.96;1039.68;"Net Banking";UK;12/12/2023
INV100247;"Gaming Mousepad";P1007;10103;8;154.24;1233.92;UPI;Unknown;9/14/2024
INV100248;"USB Keyboard";P1002;10375;4;276.03;1104.12;PayPal;UK;5/13/2023
INV100249;"Laptop Stand";P1003;10496;5;213.64;1068.20;UPI;UK;4/16/2023
INV100250;"Gaming Mousepad";P1007;10461;9;130.12;1171.08;"Net Banking";Canada;1/29/2023
INV100251;Unknown;P1006;10256;8;252.93;2023.44;PayPal;Australia;2/11/2024
INV100252;"USB Keyboard";P1002;10419;5;295.53;1477.65;UPI;UK;9/13/2024
INV100253;"Laptop Stand";P1003;10318;6;252.06;1512.36;"Debit Card";USA;1/1/2023
INV100254;"Laptop Stand";P1003;10430;6;158.06;948.36;PayPal;Canada;10/22/2024
INV100255;"Noise Cancelling Headphones";P1009;10435;9;224.55;2020.95;PayPal;USA;7/21/2023
INV100256;"Gaming Mousepad";P1007;10243;9;6.37;57.33;"Debit Card";Canada;7/28/2024
INV100257;"USB-C Hub";P1008;10390;9;259.74;2337.66;PayPal;Germany;1/21/2024
INV100258;"Webcam HD";P1005;10016;2;146.85;293.70;UPI;USA;12/13/2023
INV100259;"USB-C Hub";P1008;10454;3;78.23;234.69;"Net Banking";Canada;1/25/2023
INV100260;"USB-C Hub";P1008;10176;4;128.58;514.32;"Debit Card";Germany;6/10/2023
INV100261;"Bluetooth Speaker";P1004;10048;6;69.93;419.58;"Net Banking";Australia;4/13/2024
INV100262;Unknown;P1006;10176;7;292.78;2049.46;"Credit Card";France;12/27/2023
INV100263;"Webcam HD";P1005;10062;4;127.31;509.24;"Debit Card";Canada;4/20/2024
INV100264;"Gaming Mousepad";P1007;10477;8;153.15;1225.20;"Credit Card";UK;5/21/2023
INV100265;"Gaming Mousepad";P1007;10031;7;130.90;916.30;UPI;India;11/14/2023
INV100266;"Bluetooth Speaker";P1004;10143;1;15.78;15.78;UPI;Australia;10/13/2023
INV100267;"Laptop Stand";P1003;10370;8;178.30;1426.40;"Debit Card";Australia;8/12/2024
INV100269;"Laptop Stand";P1003;10384;6;230.78;1384.68;UPI;India;10/5/2024
INV100270;"Bluetooth Speaker";P1004;10287;8;259.23;2073.84;PayPal;France;10/4/2024
INV100271;"USB-C Hub";P1008;10480;3;194.98;584.94;"Credit Card";Canada;1/15/2024
INV100272;"Noise Cancelling Headphones";P1009;10390;7;293.78;2056.46;PayPal;India;6/27/2023
INV100273;"External Hard Drive";P1006;10254;8;12.99;103.92;PayPal;India;3/18/2024
INV100274;"External Hard Drive";P1006;10228;8;35.71;285.68;PayPal;Canada;8/27/2023
INV100275;"Wireless Mouse";P1001;10494;3;266.80;800.40;UPI;UK;8/26/2024
INV100276;"Wireless Mouse";P1001;10087;8;34.34;274.72;"Credit Card";Australia;4/6/2023
INV100277;"LED Desk Lamp";P1010;10499;8;243.02;1944.16;UPI;Canada;3/27/2024
INV100278;"Laptop Stand";P1003;10329;5;46.62;233.10;"Debit Card";Germany;1/7/2023
INV100279;"Laptop Stand";P1003;10146;7;222.09;1554.63;"Debit Card";UK;3/26/2023
INV100280;"Wireless Mouse";P1001;10081;3;177.00;531.00;PayPal;UK;11/30/2024
INV100281;"Gaming Mousepad";P1007;10233;2;273.63;547.26;"Debit Card";France;6/6/2024
INV100282;"Webcam HD";P1005;10395;2;112.10;224.20;UPI;UK;4/29/2023
INV100283;"USB Keyboard";P1002;10221;4;189.12;756.48;"Net Banking";Germany;9/13/2023
INV100284;"External Hard Drive";P1006;10341;9;133.66;1202.94;PayPal;France;5/14/2024
INV100285;"Webcam HD";P1005;10119;8;38.70;309.60;"Debit Card";Canada;6/7/2023
INV100286;"Noise Cancelling Headphones";P1009;10208;7;240.96;1686.72;UPI;UK;4/25/2023
INV100287;"USB-C Hub";P1008;10280;9;164.78;1483.02;"Net Banking";UK;8/25/2023
INV100288;Unknown;P1001;10234;7;69.32;485.24;UPI;Germany;10/5/2023
INV100289;"Wireless Mouse";P1001;10108;4;44.02;176.08;"Debit Card";France;1/29/2023
INV100290;"Wireless Mouse";P1001;10325;2;85.33;170.66;"Debit Card";India;3/16/2023
INV100291;"USB Keyboard";P1002;10355;2;161.25;322.50;"Credit Card";Canada;2/11/2023
INV100292;"LED Desk Lamp";P1010;10164;9;85.85;772.65;"Credit Card";Germany;1/17/2023
INV100293;"LED Desk Lamp";P1010;10086;9;151.75;1365.75;"Debit Card";UK;8/10/2024
INV100294;"USB Keyboard";P1002;10312;5;8.24;41.20;Unknown;Canada;1/27/2023
INV100295;Unknown;P1005;10267;6;220.99;1325.94;UPI;Canada;9/1/2024
INV100296;"USB-C Hub";P1008;10400;9;150.81;1357.29;"Net Banking";USA;11/15/2024
INV100297;"USB Keyboard";P1002;10045;5;118.03;590.15;UPI;Australia;9/25/2024
INV100298;"USB Keyboard";P1002;10192;2;54.05;108.10;"Debit Card";USA;12/29/2023
INV100299;"External Hard Drive";P1006;10281;3;31.65;94.95;"Debit Card";USA;1/6/2024
INV100300;"USB-C Hub";P1008;10163;5;251.94;1259.70;PayPal;France;1/11/2023
INV100301;"Laptop Stand";P1003;10309;1;217.85;217.85;"Net Banking";Australia;8/15/2023
INV100302;"Noise Cancelling Headphones";P1009;10245;2;122.01;244.02;UPI;USA;10/25/2024
INV100303;"USB Keyboard";P1002;10249;6;221.11;1326.66;Unknown;France;10/16/2023
INV100304;"LED Desk Lamp";P1010;10226;4;164.25;657.00;"Credit Card";France;4/11/2024
INV100305;"USB Keyboard";P1002;10364;4;20.17;80.68;"Debit Card";Australia;5/21/2024
INV100306;"External Hard Drive";P1006;10072;2;188.88;377.76;UPI;India;3/25/2024
INV100307;"Bluetooth Speaker";P1004;10216;9;108.70;978.30;PayPal;UK;10/2/2024
INV100308;"Noise Cancelling Headphones";P1009;10290;8;133.27;1066.16;"Debit Card";Canada;2/8/2023
INV100309;"Laptop Stand";P1003;10171;3;27.94;83.82;PayPal;France;4/18/2023
INV100310;"Wireless Mouse";P1001;10274;3;85.28;255.84;PayPal;Australia;6/7/2024
INV100311;"Webcam HD";P1005;10329;5;32.02;160.10;"Credit Card";Australia;1/17/2023
INV100312;"USB-C Hub";P1008;10317;9;136.57;1229.13;"Net Banking";UK;1/12/2023
INV100313;"Bluetooth Speaker";P1004;10080;8;228.73;1829.84;"Credit Card";India;10/22/2024
INV100314;"Laptop Stand";P1003;10024;7;218.61;1530.27;"Debit Card";Canada;7/19/2023
INV100315;"External Hard Drive";P1006;10058;2;149.38;298.76;"Net Banking";UK;10/16/2024
INV100316;"Laptop Stand";P1003;10287;9;283.50;2551.50;"Net Banking";USA;2/16/2023
INV100317;"USB Keyboard";P1002;10249;7;299.81;2098.67;"Net Banking";UK;3/27/2023
INV100318;"LED Desk Lamp";P1010;10006;7;15.01;105.07;UPI;France;9/20/2024
INV100319;"LED Desk Lamp";P1010;10314;9;61.82;556.38;"Net Banking";Canada;5/12/2024
INV100320;"USB-C Hub";P1008;10477;7;239.63;1677.41;PayPal;Germany;8/11/2023
INV100321;"USB-C Hub";P1008;10442;4;254.14;1016.56;UPI;India;2/6/2024
INV100322;"USB-C Hub";P1008;10151;7;15.92;111.44;PayPal;UK;6/8/2023
INV100323;"Wireless Mouse";P1001;10130;3;170.40;511.20;UPI;Australia;4/8/2023
INV100324;"Gaming Mousepad";P1007;10470;5;161.43;807.15;Unknown;USA;7/2/2023
INV100325;"Noise Cancelling Headphones";P1009;10003;7;98.01;686.07;UPI;Canada;5/11/2024
INV100326;"LED Desk Lamp";P1010;10015;6;99.03;594.18;UPI;Germany;6/10/2023
INV100327;"External Hard Drive";P1006;10033;2;12.20;24.40;PayPal;Canada;6/19/2023
INV100328;"Gaming Mousepad";P1007;10415;7;59.71;417.97;"Net Banking";UK;10/1/2023
INV100329;"Noise Cancelling Headphones";P1009;10445;3;25.66;76.98;PayPal;UK;1/29/2023
INV100330;"External Hard Drive";P1006;10235;1;123.57;123.57;PayPal;UK;9/2/2023
INV100331;"External Hard Drive";P1006;10376;9;176.32;1586.88;UPI;Canada;8/27/2023
INV100332;"USB-C Hub";P1008;10388;9;104.23;938.07;Unknown;Germany;12/6/2023
INV100333;"Webcam HD";P1005;10428;1;75.44;75.44;PayPal;India;1/3/2023
INV100334;Unknown;P1008;10145;8;89.74;717.92;PayPal;Canada;11/20/2023
INV100335;"Bluetooth Speaker";P1004;10398;5;17.42;87.10;PayPal;Australia;8/7/2024
INV100336;"Gaming Mousepad";P1007;10186;1;120.53;120.53;"Credit Card";Australia;5/20/2023
INV100337;"Bluetooth Speaker";P1004;10318;5;1357.64;6788.20;"Debit Card";Unknown;3/15/2024
INV100338;"Gaming Mousepad";P1007;10152;8;142.88;1143.04;"Credit Card";France;8/14/2023
INV100339;"Laptop Stand";P1003;10071;7;297.39;2081.73;PayPal;Germany;7/24/2024
INV100340;"Gaming Mousepad";P1007;10372;4;252.16;1008.64;PayPal;UK;11/6/2023
INV100341;"External Hard Drive";P1006;10106;3;156.24;468.72;UPI;France;11/26/2023
INV100342;"LED Desk Lamp";P1010;10258;2;118.31;236.62;"Debit Card";Unknown;5/20/2024
INV100343;"Webcam HD";P1005;10046;8;108.29;866.32;UPI;Germany;2/23/2023
INV100344;"USB-C Hub";P1008;10019;7;265.72;1860.04;UPI;UK;4/9/2023
INV100345;"USB Keyboard";P1002;10418;1;56.30;56.30;UPI;Germany;5/4/2024
INV100346;"Laptop Stand";P1003;10215;2;149.90;299.80;"Net Banking";UK;5/25/2023
INV100347;"Webcam HD";P1005;10380;3;245.67;737.01;PayPal;UK;4/30/2023
INV100348;"Webcam HD";P1005;10097;9;179.92;1619.28;"Credit Card";USA;12/23/2023
INV100349;"Noise Cancelling Headphones";P1009;10475;9;120.40;1083.60;"Net Banking";Unknown;9/26/2024
INV100350;"USB Keyboard";P1002;10169;9;18.09;162.81;"Net Banking";USA;11/28/2023
INV100351;"USB-C Hub";P1008;10260;9;102.07;918.63;UPI;UK;6/20/2024
INV100352;"Wireless Mouse";P1001;10327;2;125.49;250.98;"Credit Card";Canada;2/7/2023
INV100353;"Laptop Stand";P1003;10036;5;19.39;96.95;"Net Banking";India;3/29/2024
INV100354;"USB-C Hub";P1008;10039;5;297.49;1487.45;"Credit Card";UK;4/24/2023
INV100355;"Wireless Mouse";P1001;10039;3;248.28;744.84;UPI;UK;7/21/2024
INV100356;"USB-C Hub";P1008;10261;2;165.41;330.82;PayPal;USA;10/16/2023
INV100357;"USB-C Hub";P1008;10091;8;240.24;1921.92;"Net Banking";Australia;6/17/2023
INV100358;"Webcam HD";P1005;10268;1;51.42;51.42;PayPal;UK;11/11/2024
INV100359;"Bluetooth Speaker";P1004;10190;9;279.38;2514.42;"Net Banking";France;12/22/2023
INV100360;"Noise Cancelling Headphones";P1009;10234;6;60.82;364.92;"Net Banking";USA;5/13/2023
INV100363;"Bluetooth Speaker";P1004;10294;2;250.48;500.96;PayPal;Germany;6/7/2024
INV100364;"Webcam HD";P1005;10154;2;89.68;179.36;PayPal;UK;2/15/2023
INV100365;"Bluetooth Speaker";P1004;10222;1;170.15;170.15;PayPal;Australia;12/26/2023
INV100366;"External Hard Drive";P1006;10162;2;192.03;384.06;"Debit Card";Canada;12/31/2023
INV100367;"Bluetooth Speaker";P1004;10073;6;88.59;531.54;"Net Banking";Canada;3/30/2024
INV100368;"Noise Cancelling Headphones";P1009;10059;9;289.08;2601.72;PayPal;India;2/16/2024
INV100369;"Noise Cancelling Headphones";P1009;10403;5;35.24;176.20;PayPal;France;7/15/2023
INV100370;"USB-C Hub";P1008;10016;4;25.01;100.04;PayPal;India;7/11/2023
INV100371;"USB-C Hub";P1008;10473;6;214.03;1284.18;PayPal;Germany;1/22/2023
INV100372;"Wireless Mouse";P1001;10269;8;18.49;147.92;"Net Banking";India;11/2/2023
INV100373;"Webcam HD";P1005;10459;4;196.03;784.12;"Net Banking";India;1/16/2024
INV100374;"External Hard Drive";P1006;10133;7;24.36;170.52;"Net Banking";India;2/2/2023
INV100375;"Wireless Mouse";P1001;10481;3;79.49;238.47;"Net Banking";Australia;6/21/2024
INV100376;"External Hard Drive";P1006;10396;2;299.15;598.30;"Net Banking";Germany;4/9/2023
INV100377;"USB Keyboard";P1002;10074;9;53.27;479.43;UPI;Australia;6/6/2023
INV100378;"USB Keyboard";P1002;10461;4;252.78;1011.12;"Debit Card";Australia;11/17/2024
INV100379;"Wireless Mouse";P1001;10194;4;198.08;792.32;PayPal;Australia;6/22/2024
INV100380;"Gaming Mousepad";P1007;10091;1;289.15;289.15;"Debit Card";UK;3/15/2024
INV100381;"Webcam HD";P1005;10261;5;273.31;1366.55;"Net Banking";India;3/25/2023
INV100383;"USB Keyboard";P1002;10319;6;72.84;437.04;"Credit Card";France;6/12/2023
INV100384;"Bluetooth Speaker";P1004;10273;1;197.24;197.24;"Credit Card";USA;6/7/2024
INV100385;"Laptop Stand";P1003;10092;8;51.98;415.84;PayPal;Australia;10/18/2024
INV100386;"External Hard Drive";P1006;10173;5;50.33;251.65;UPI;USA;1/27/2023
INV100387;"Laptop Stand";P1003;10348;2;229.50;459.00;"Credit Card";UK;1/22/2024
INV100388;"Noise Cancelling Headphones";P1009;10386;5;273.99;1369.95;"Net Banking";Australia;1/13/2024
INV100389;"Noise Cancelling Headphones";P1009;10221;4;239.98;959.92;"Net Banking";Australia;6/2/2023
INV100390;"Noise Cancelling Headphones";P1009;10339;7;41.93;293.51;"Debit Card";Germany;8/24/2023
INV100391;"Noise Cancelling Headphones";P1009;10116;4;169.73;678.92;"Debit Card";Australia;5/15/2024
INV100392;"USB-C Hub";P1008;10063;2;240.28;480.56;PayPal;Canada;1/30/2024
INV100393;"Laptop Stand";P1003;10477;1;8.43;8.43;"Net Banking";India;10/1/2023
INV100394;"External Hard Drive";P1006;10165;2;146.58;293.16;"Net Banking";UK;8/29/2024
INV100395;"LED Desk Lamp";P1010;10424;9;258.74;2328.66;PayPal;France;4/12/2023
INV100396;"Noise Cancelling Headphones";P1009;10087;8;218.66;1749.28;"Credit Card";UK;11/21/2024
INV100397;"Bluetooth Speaker";P1004;10159;9;76.40;687.60;"Net Banking";France;2/15/2023
INV100398;"Bluetooth Speaker";P1004;10160;6;187.36;1124.16;PayPal;USA;10/21/2024
INV100399;"External Hard Drive";P1006;10224;8;7.88;63.04;UPI;UK;1/2/2023
INV100400;"Webcam HD";P1005;10115;1;265.35;265.35;"Net Banking";France;8/11/2024
INV100401;"External Hard Drive";P1006;10358;6;100.02;600.12;"Debit Card";Canada;6/15/2023
INV100402;"Laptop Stand";P1003;10304;2;1164.73;2329.46;"Net Banking";Australia;3/3/2024
INV100403;"Webcam HD";P1005;10389;8;192.75;1542.00;"Debit Card";France;9/26/2024
INV100404;"USB-C Hub";P1008;10222;9;281.18;2530.62;"Net Banking";France;12/25/2023
INV100405;"USB-C Hub";P1008;10327;9;214.17;1927.53;PayPal;USA;9/21/2023
INV100406;"USB-C Hub";P1008;10317;2;189.46;378.92;PayPal;India;3/25/2023
INV100407;"Wireless Mouse";P1001;10387;7;199.94;1399.58;"Credit Card";India;7/27/2023
INV100408;"Gaming Mousepad";P1007;10382;6;246.10;1476.60;"Credit Card";USA;2/14/2024
INV100409;"Bluetooth Speaker";P1004;10361;3;17.02;51.06;PayPal;Australia;11/30/2024
INV100410;"USB-C Hub";P1008;10011;2;22.80;45.60;"Credit Card";Germany;3/28/2023
INV100411;"Wireless Mouse";P1001;10146;9;262.18;2359.62;PayPal;India;5/2/2023
INV100412;"Gaming Mousepad";P1007;10391;7;143.70;1005.90;PayPal;India;11/15/2024
INV100413;"Laptop Stand";P1003;10306;7;132.93;930.51;UPI;UK;10/15/2023
INV100414;"Gaming Mousepad";P1007;10036;2;11.15;22.30;"Debit Card";USA;10/23/2024
INV100415;"Webcam HD";P1005;10411;8;292.56;2340.48;"Credit Card";France;10/4/2024
INV100416;"USB Keyboard";P1002;10437;3;205.67;617.01;"Credit Card";Australia;4/3/2023
INV100417;"Laptop Stand";P1003;10441;1;252.93;252.93;PayPal;UK;6/8/2023
INV100418;"USB Keyboard";P1002;10219;8;130.52;1044.16;PayPal;France;5/30/2024
INV100419;"USB-C Hub";P1008;10176;4;153.93;615.72;PayPal;UK;7/15/2024
INV100420;"LED Desk Lamp";P1010;10249;3;175.71;527.13;"Debit Card";India;2/24/2024
INV100421;"LED Desk Lamp";P1010;10334;5;121.68;608.40;UPI;India;7/31/2024
INV100422;"Laptop Stand";P1003;10425;2;238.92;477.84;PayPal;Australia;10/22/2023
INV100423;Unknown;P1006;10124;3;179.74;539.22;"Credit Card";Australia;9/3/2023
INV100424;"Noise Cancelling Headphones";P1009;10020;3;188.78;566.34;"Credit Card";USA;7/5/2024
INV100425;"External Hard Drive";P1006;10099;1;43.81;43.81;UPI;France;6/3/2024
INV100426;"Wireless Mouse";P1001;10333;7;191.60;1341.20;UPI;USA;6/9/2024
INV100427;"Noise Cancelling Headphones";P1009;10317;2;58.39;116.78;"Net Banking";Australia;7/6/2024
INV100428;"USB Keyboard";P1002;10013;6;261.87;1571.22;"Credit Card";India;9/14/2024
INV100429;"Webcam HD";P1005;10129;8;175.93;1407.44;"Net Banking";Australia;3/25/2023
INV100430;"External Hard Drive";P1006;10065;7;53.24;372.68;UPI;Germany;1/28/2023
INV100431;"Webcam HD";P1005;10423;3;198.74;596.22;PayPal;Canada;3/24/2024
INV100432;Unknown;P1009;10286;8;122.01;976.08;PayPal;India;10/30/2023
INV100434;"USB Keyboard";P1002;10263;9;132.11;1188.99;PayPal;USA;10/3/2023
INV100435;"Noise Cancelling Headphones";P1009;10120;1;79.50;79.50;UPI;UK;10/11/2023
INV100436;"USB-C Hub";P1008;10164;5;110.24;551.20;"Net Banking";UK;7/23/2023
INV100437;"USB Keyboard";P1002;10311;1;254.03;254.03;PayPal;Germany;7/9/2024
INV100438;"LED Desk Lamp";P1010;10129;6;65.72;394.32;UPI;Germany;11/30/2023
INV100439;"LED Desk Lamp";P1010;10281;9;161.70;1455.30;PayPal;Germany;1/20/2023
INV100440;"Laptop Stand";P1003;10484;1;41.02;41.02;UPI;Germany;7/17/2023
INV100441;"Laptop Stand";P1003;10496;5;31.12;155.60;Unknown;Australia;6/10/2023
INV100442;"LED Desk Lamp";P1010;10275;3;17.26;51.78;"Net Banking";France;5/4/2024
INV100443;"External Hard Drive";P1006;10298;5;146.57;732.85;"Debit Card";Canada;9/8/2023
INV100444;"Noise Cancelling Headphones";P1009;10038;2;100.32;200.64;"Net Banking";USA;7/4/2023
INV100445;"Webcam HD";P1005;10406;8;157.10;1256.80;"Net Banking";France;6/27/2023
INV100446;"USB-C Hub";P1008;10125;6;46.20;277.20;"Net Banking";USA;1/19/2024
INV100447;"Gaming Mousepad";P1007;10007;4;212.88;851.52;PayPal;Germany;1/10/2024
INV100448;"Noise Cancelling Headphones";P1009;10351;2;60.56;121.12;UPI;India;10/30/2024
INV100449;"Noise Cancelling Headphones";P1009;10174;6;261.10;1566.60;UPI;USA;3/27/2023
INV100450;"Laptop Stand";P1003;10217;2;200.18;400.36;"Net Banking";Australia;4/29/2023
INV100452;"Noise Cancelling Headphones";P1009;10301;8;231.71;1853.68;"Net Banking";USA;12/11/2023
INV100453;"External Hard Drive";P1006;10286;4;204.57;818.28;"Debit Card";Canada;5/27/2023
INV100454;"External Hard Drive";P1006;10089;5;201.76;1008.80;"Credit Card";India;12/27/2023
INV100455;"Laptop Stand";P1003;10072;2;299.83;599.66;"Net Banking";Canada;7/28/2024
INV100456;"External Hard Drive";P1006;10268;1;125.04;125.04;"Credit Card";UK;11/18/2024
INV100458;"Laptop Stand";P1003;10493;4;196.90;787.60;"Debit Card";Canada;4/12/2023
INV100459;"External Hard Drive";P1006;10481;4;201.94;807.76;"Debit Card";Germany;3/29/2024
INV100461;"USB-C Hub";P1008;10088;1;40.46;40.46;UPI;USA;3/30/2024
INV100462;"USB Keyboard";P1002;10198;5;100.75;503.75;UPI;UK;3/17/2023
INV100463;"Bluetooth Speaker";P1004;10472;5;117.22;586.10;UPI;Canada;8/27/2024
INV100464;"LED Desk Lamp";P1010;10290;1;75.08;75.08;"Net Banking";UK;5/11/2024
INV100465;"LED Desk Lamp";P1010;10461;6;26.59;159.54;PayPal;Canada;9/13/2024
INV100466;"USB Keyboard";P1002;10084;2;141.73;283.46;"Debit Card";India;1/3/2023
INV100467;"External Hard Drive";P1006;10411;8;158.13;1265.04;PayPal;USA;3/29/2024
INV100468;"Gaming Mousepad";P1007;10011;5;245.06;1225.30;"Debit Card";Unknown;10/26/2024
INV100469;"Noise Cancelling Headphones";P1009;10462;5;122.65;613.25;"Net Banking";France;10/20/2023
INV100471;"Gaming Mousepad";P1007;10492;2;216.07;432.14;"Net Banking";Australia;3/2/2024
INV100472;"Gaming Mousepad";P1007;10302;5;62.75;313.75;"Credit Card";Canada;12/2/2023
INV100473;"Bluetooth Speaker";P1004;10270;5;269.92;1349.60;"Net Banking";USA;2/20/2023
INV100474;"LED Desk Lamp";P1010;10274;4;280.66;1122.64;PayPal;India;4/14/2024
INV100475;"USB Keyboard";P1002;10051;2;54.07;108.14;"Credit Card";Canada;1/8/2024
INV100476;"USB-C Hub";P1008;10419;3;176.37;529.11;"Debit Card";France;4/16/2023
INV100477;"Webcam HD";P1005;10131;2;122.97;245.94;"Credit Card";France;8/11/2024
INV100478;"USB-C Hub";P1008;10350;9;159.13;1432.17;PayPal;USA;9/20/2023
INV100479;"External Hard Drive";P1006;10446;7;159.92;1119.44;"Debit Card";Canada;8/5/2024
INV100480;"Bluetooth Speaker";P1004;10297;8;239.06;1912.48;UPI;Canada;3/20/2024
INV100481;"LED Desk Lamp";P1010;10373;8;289.06;2312.48;PayPal;UK;3/27/2024
INV100482;"Webcam HD";P1005;10375;7;245.65;1719.55;"Credit Card";France;6/21/2023
INV100483;"Laptop Stand";P1003;10213;7;193.21;1352.47;"Debit Card";UK;10/4/2023
INV100484;"Laptop Stand";P1003;10471;9;239.15;2152.35;"Net Banking";France;1/10/2023
INV100485;"USB-C Hub";P1008;10151;9;252.76;2274.84;"Net Banking";Germany;8/6/2024
INV100486;"USB Keyboard";P1002;10067;1;74.88;74.88;UPI;Canada;10/20/2023
INV100487;"External Hard Drive";P1006;10059;2;220.93;441.86;"Credit Card";France;9/3/2024
INV100488;"USB-C Hub";P1008;10402;7;201.93;1413.51;PayPal;France;5/26/2023
INV100489;"Gaming Mousepad";P1007;10241;4;49.16;196.64;UPI;UK;3/14/2024
INV100490;"Webcam HD";P1005;10107;5;54.56;272.80;UPI;Germany;4/27/2024
INV100491;"Wireless Mouse";P1001;10464;2;144.50;289.00;"Credit Card";India;10/22/2024
INV100493;"Webcam HD";P1005;10456;7;166.28;1163.96;UPI;Australia;10/11/2024
INV100494;"Webcam HD";P1005;10290;9;151.55;1363.95;"Net Banking";India;11/16/2023
INV100495;"Webcam HD";P1005;10373;7;210.07;1470.49;"Credit Card";India;7/7/2024
INV100496;"Wireless Mouse";P1001;10486;7;218.73;1531.11;"Net Banking";Canada;4/3/2024
INV100497;"Wireless Mouse";P1001;10101;8;1416.44;11331.52;"Net Banking";France;8/6/2023
INV100498;"Laptop Stand";P1003;10231;7;232.92;1630.44;"Credit Card";France;2/5/2023
INV100499;"USB Keyboard";P1002;10135;5;268.79;1343.95;"Debit Card";France;3/14/2023
INV100500;"Laptop Stand";P1003;10486;1;71.86;71.86;"Net Banking";USA;2/29/2024
INV100501;"External Hard Drive";P1006;10443;4;135.51;542.04;PayPal;Germany;10/3/2024
INV100502;"USB-C Hub";P1008;10148;5;25.63;128.15;"Credit Card";France;6/9/2023
INV100503;"LED Desk Lamp";P1010;10066;8;264.62;2116.96;"Debit Card";France;7/15/2024
INV100504;"Bluetooth Speaker";P1004;10258;6;73.09;438.54;PayPal;Canada;2/27/2023
INV100505;"Webcam HD";P1005;10257;6;202.50;1215.00;UPI;Australia;6/21/2023
INV100506;"Bluetooth Speaker";P1004;10470;6;169.55;1017.30;"Credit Card";UK;12/20/2023
INV100507;"Bluetooth Speaker";P1004;10035;4;22.74;90.96;"Credit Card";Canada;3/17/2024
INV100508;"Noise Cancelling Headphones";P1009;10302;5;56.71;283.55;"Debit Card";UK;10/14/2023
INV100509;"Gaming Mousepad";P1007;10445;9;55.29;497.61;"Debit Card";Australia;9/9/2024
INV100511;"Webcam HD";P1005;10029;8;239.66;1917.28;PayPal;Germany;10/17/2024
INV100512;"Webcam HD";P1005;10117;7;122.80;859.60;"Net Banking";Australia;4/14/2023
INV100513;"USB Keyboard";P1002;10363;5;222.47;1112.35;UPI;India;9/5/2023
INV100514;"USB Keyboard";P1002;10083;1;253.40;253.40;UPI;Canada;5/29/2023
INV100515;"Gaming Mousepad";P1007;10230;6;80.83;484.98;"Credit Card";Australia;3/31/2024
INV100516;"Webcam HD";P1005;10037;1;184.50;184.50;"Debit Card";India;4/4/2024
INV100517;"USB Keyboard";P1002;10291;4;214.08;856.32;UPI;India;10/15/2024
INV100518;"Laptop Stand";P1003;10360;1;72.07;72.07;"Net Banking";USA;7/31/2024
INV100519;"External Hard Drive";P1006;10330;5;107.16;535.80;UPI;USA;3/24/2024
INV100520;"Laptop Stand";P1003;10153;3;122.11;366.33;"Credit Card";India;2/11/2024
INV100521;"External Hard Drive";P1006;10418;4;262.63;1050.52;PayPal;Australia;9/19/2023
INV100522;"USB Keyboard";P1002;10315;6;151.60;909.60;PayPal;France;12/8/2023
INV100523;"Laptop Stand";P1003;10238;5;120.36;601.80;"Credit Card";Canada;1/12/2023
INV100525;"Wireless Mouse";P1001;10133;8;162.08;1296.64;"Credit Card";France;4/6/2024
INV100526;"Noise Cancelling Headphones";P1009;10072;3;238.06;714.18;UPI;USA;6/9/2024
INV100527;"Bluetooth Speaker";P1004;10418;5;11.75;58.75;PayPal;India;5/10/2023
INV100528;"External Hard Drive";P1006;10024;2;287.41;574.82;PayPal;USA;9/23/2023
INV100529;"Wireless Mouse";P1001;10163;2;44.09;88.18;UPI;UK;10/16/2023
INV100530;"External Hard Drive";P1006;10380;1;183.84;183.84;PayPal;UK;8/26/2023
INV100531;Unknown;P1005;10140;4;153.26;613.04;"Debit Card";Germany;1/25/2023
INV100533;"Bluetooth Speaker";P1004;10287;4;28.59;114.36;Unknown;India;1/12/2023
INV100534;"Wireless Mouse";P1001;10389;4;134.66;538.64;"Credit Card";UK;3/22/2024
INV100535;"Bluetooth Speaker";P1004;10286;2;196.81;393.62;"Debit Card";India;4/11/2024
INV100536;"Webcam HD";P1005;10129;3;171.51;514.53;Unknown;Canada;12/11/2023
INV100537;"External Hard Drive";P1006;10462;2;22.05;44.10;"Debit Card";Canada;2/25/2023
INV100538;"Gaming Mousepad";P1007;10148;9;131.95;1187.55;"Debit Card";USA;4/9/2023
INV100539;"Webcam HD";P1005;10370;9;235.90;2123.10;UPI;Australia;5/8/2024
INV100540;"External Hard Drive";P1006;10259;7;209.19;1464.33;PayPal;USA;8/31/2024
INV100541;"USB Keyboard";P1002;10358;4;299.03;1196.12;"Credit Card";Germany;4/11/2023
INV100542;"Noise Cancelling Headphones";P1009;10123;4;56.26;225.04;UPI;Germany;2/24/2024
INV100543;"USB Keyboard";P1002;10484;6;130.69;784.14;PayPal;Australia;3/4/2023
INV100544;"Wireless Mouse";P1001;10006;4;124.42;497.68;"Debit Card";Australia;4/27/2024
INV100545;"External Hard Drive";P1006;10132;6;249.12;1494.72;"Debit Card";France;8/20/2024
INV100546;"Wireless Mouse";P1001;10245;7;127.77;894.39;"Debit Card";Canada;2/9/2024
INV100547;"USB Keyboard";P1002;10470;6;81.64;489.84;"Credit Card";India;10/11/2024
INV100548;"Bluetooth Speaker";P1004;10012;8;162.92;1303.36;"Credit Card";Australia;3/6/2023
INV100549;"LED Desk Lamp";P1010;10212;5;251.12;1255.60;"Debit Card";India;5/7/2024
INV100550;"USB-C Hub";P1008;10159;5;241.45;1207.25;UPI;France;6/22/2023
INV100551;"USB Keyboard";P1002;10187;4;114.57;458.28;"Net Banking";Canada;5/11/2024
INV100552;"Gaming Mousepad";P1007;10116;5;254.09;1270.45;"Debit Card";UK;7/2/2023
INV100553;"Laptop Stand";P1003;10251;4;260.07;1040.28;PayPal;Canada;9/15/2024
INV100554;"LED Desk Lamp";P1010;10412;2;145.43;290.86;"Net Banking";Canada;3/11/2024
INV100555;"Wireless Mouse";P1001;10396;6;120.76;724.56;PayPal;Australia;7/7/2024
INV100556;"Bluetooth Speaker";P1004;10119;1;286.82;286.82;UPI;Germany;1/17/2023
INV100557;"USB-C Hub";P1008;10059;9;283.14;2548.26;UPI;Canada;5/10/2023
INV100558;"Gaming Mousepad";P1007;10276;1;253.06;253.06;UPI;India;8/20/2023
INV100559;"Wireless Mouse";P1001;10432;7;199.51;1396.57;"Debit Card";Canada;7/19/2023
INV100560;"Laptop Stand";P1003;10466;1;24.66;24.66;"Credit Card";France;6/22/2023
INV100561;"Bluetooth Speaker";P1004;10086;5;222.54;1112.70;"Debit Card";France;3/24/2024
INV100562;"Laptop Stand";P1003;10086;5;19.11;95.55;PayPal;UK;7/19/2023
INV100563;"Wireless Mouse";P1001;10482;1;26.26;26.26;PayPal;USA;2/12/2024
INV100564;"Bluetooth Speaker";P1004;10276;8;15.49;123.92;UPI;Canada;5/28/2023
INV100565;"Laptop Stand";P1003;10227;8;109.21;873.68;"Credit Card";USA;1/1/2024
INV100566;"Noise Cancelling Headphones";P1009;10498;4;233.52;934.08;"Debit Card";France;1/26/2024
INV100567;"External Hard Drive";P1006;10260;3;56.36;169.08;"Credit Card";UK;9/18/2023
INV100568;Unknown;P1001;10137;6;230.49;1382.94;PayPal;India;11/16/2023
INV100569;"External Hard Drive";P1006;10219;6;29.37;176.22;PayPal;Germany;1/3/2024
INV100570;"USB Keyboard";P1002;10408;1;92.16;92.16;"Net Banking";Australia;12/26/2023
INV100571;"USB-C Hub";P1008;10291;9;117.67;1059.03;PayPal;Australia;7/14/2024
INV100572;"External Hard Drive";P1006;10216;4;233.52;934.08;UPI;UK;6/18/2023
INV100574;"LED Desk Lamp";P1010;10159;8;38.62;308.96;"Debit Card";Canada;11/23/2024
INV100575;"LED Desk Lamp";P1010;10423;2;42.79;85.58;"Debit Card";India;9/30/2023
INV100576;"External Hard Drive";P1006;10487;2;71.26;142.52;UPI;India;10/26/2024
INV100577;"USB-C Hub";P1008;10287;9;2095.17;18856.53;UPI;UK;6/21/2023
INV100578;"USB Keyboard";P1002;10031;3;266.64;799.92;"Debit Card";Germany;5/2/2023
INV100579;"Gaming Mousepad";P1007;10430;7;264.38;1850.66;"Net Banking";India;8/21/2023
INV100580;"LED Desk Lamp";P1010;10125;2;192.64;385.28;"Credit Card";India;10/22/2024
INV100581;"Webcam HD";P1005;10134;8;225.72;1805.76;"Debit Card";UK;8/26/2023
INV100582;"Gaming Mousepad";P1007;10255;7;198.57;1389.99;UPI;India;7/22/2023
INV100583;"LED Desk Lamp";P1010;10021;6;227.19;1363.14;"Debit Card";Germany;12/11/2023
INV100584;"LED Desk Lamp";P1010;10462;2;36.84;73.68;"Debit Card";USA;8/1/2023
INV100585;"Gaming Mousepad";P1007;10462;4;246.25;985.00;UPI;Unknown;8/29/2024
INV100586;"Webcam HD";P1005;10460;3;49.45;148.35;"Net Banking";France;2/13/2023
INV100588;"USB-C Hub";P1008;10022;3;92.78;278.34;"Credit Card";UK;1/19/2023
INV100589;"USB-C Hub";P1008;10127;7;175.27;1226.89;UPI;Germany;10/8/2023
INV100590;"USB Keyboard";P1002;10185;5;52.22;261.10;UPI;Germany;12/28/2023
INV100591;"Laptop Stand";P1003;10002;8;77.77;622.16;UPI;USA;9/18/2023
INV100592;"LED Desk Lamp";P1010;10223;1;86.98;86.98;UPI;India;4/27/2024
INV100593;"Noise Cancelling Headphones";P1009;10404;2;65.19;130.38;"Net Banking";India;1/10/2023
INV100594;"Noise Cancelling Headphones";P1009;10424;7;186.42;1304.94;PayPal;Germany;3/7/2023
INV100595;"Bluetooth Speaker";P1004;10233;9;168.50;1516.50;"Credit Card";Australia;8/20/2024
INV100596;"Noise Cancelling Headphones";P1009;10120;6;250.64;1503.84;"Debit Card";Canada;1/14/2023
INV100597;"USB Keyboard";P1002;10074;2;228.81;457.62;"Debit Card";USA;1/20/2023
INV100598;"Bluetooth Speaker";P1004;10311;3;253.38;760.14;"Debit Card";Germany;3/11/2023
INV100599;"Laptop Stand";P1003;10110;3;298.92;896.76;"Credit Card";France;5/12/2023
INV100600;"USB Keyboard";P1002;10226;4;218.01;872.04;PayPal;UK;6/19/2024
INV100601;"USB-C Hub";P1008;10201;5;200.60;1003.00;PayPal;Canada;2/9/2024
INV100602;"Gaming Mousepad";P1007;10056;6;54.23;325.38;"Credit Card";Canada;7/7/2023
INV100603;"USB Keyboard";P1002;10003;4;123.69;494.76;UPI;Canada;8/5/2024
INV100604;"Gaming Mousepad";P1007;10185;3;24.13;72.39;"Credit Card";Germany;12/2/2023
INV100605;"Laptop Stand";P1003;10161;7;212.37;1486.59;"Net Banking";Australia;6/19/2024
INV100606;"Wireless Mouse";P1001;10059;2;182.63;365.26;"Net Banking";India;7/7/2023
INV100607;"Webcam HD";P1005;10405;3;151.99;455.97;UPI;UK;7/30/2023
INV100608;"Webcam HD";P1005;10313;8;103.60;828.80;"Debit Card";France;6/25/2024
INV100609;"Laptop Stand";P1003;10431;6;66.90;401.40;UPI;UK;1/19/2023
INV100610;"Gaming Mousepad";P1007;10182;4;41.10;164.40;"Net Banking";France;4/23/2023
INV100611;"USB-C Hub";P1008;10112;1;31.14;31.14;"Debit Card";Canada;9/19/2024
INV100612;"USB Keyboard";P1002;10400;9;280.27;2522.43;PayPal;France;6/10/2023
INV100613;"LED Desk Lamp";P1010;10474;6;192.67;1156.02;"Credit Card";France;2/16/2023
INV100614;"Bluetooth Speaker";P1004;10074;6;297.38;1784.28;UPI;USA;5/4/2023
INV100615;"External Hard Drive";P1006;10324;7;173.70;1215.90;"Credit Card";India;2/4/2024
INV100616;"Bluetooth Speaker";P1004;10049;9;171.84;1546.56;"Net Banking";France;5/18/2023
INV100617;"LED Desk Lamp";P1010;10349;3;12.73;38.19;"Credit Card";UK;9/16/2024
INV100618;"Webcam HD";P1005;10244;6;85.56;513.36;"Debit Card";France;7/16/2024
INV100619;"Bluetooth Speaker";P1004;10409;3;81.49;244.47;PayPal;Germany;10/29/2023
INV100620;"Wireless Mouse";P1001;10404;3;116.19;348.57;"Debit Card";Germany;2/18/2023
INV100622;"Webcam HD";P1005;10279;7;271.65;1901.55;"Debit Card";UK;10/2/2024
INV100623;"USB-C Hub";P1008;10173;9;7.07;63.63;"Credit Card";Canada;7/1/2023
INV100624;"Wireless Mouse";P1001;10472;9;226.66;2039.94;PayPal;UK;10/25/2024
INV100625;"LED Desk Lamp";P1010;10363;4;8.95;35.80;UPI;India;2/12/2024
INV100626;"Webcam HD";P1005;10438;6;82.20;493.20;UPI;Australia;6/12/2023
INV100627;"Bluetooth Speaker";P1004;10181;8;292.58;2340.64;PayPal;France;2/4/2024
INV100628;"Gaming Mousepad";P1007;10328;9;234.13;2107.17;"Net Banking";Australia;7/9/2024
INV100629;"Webcam HD";P1005;10337;4;14.92;59.68;PayPal;India;8/18/2024
INV100630;"LED Desk Lamp";P1010;10416;9;107.05;963.45;PayPal;Australia;11/20/2024
INV100631;"USB-C Hub";P1008;10465;7;30.50;213.50;"Debit Card";France;2/3/2024
INV100632;"Noise Cancelling Headphones";P1009;10142;8;166.75;1334.00;PayPal;UK;4/16/2024
INV100633;"Laptop Stand";P1003;10491;7;121.07;847.49;UPI;USA;10/27/2024
INV100634;"Bluetooth Speaker";P1004;10164;8;81.75;654.00;UPI;UK;11/9/2023
INV100635;"Webcam HD";P1005;10086;5;80.68;403.40;PayPal;India;5/11/2023
INV100636;"LED Desk Lamp";P1010;10344;5;171.77;858.85;"Credit Card";Canada;1/6/2024
INV100637;"Gaming Mousepad";P1007;10424;5;184.52;922.60;"Debit Card";USA;3/20/2024
INV100638;"Bluetooth Speaker";P1004;10326;1;49.62;49.62;"Debit Card";Germany;5/4/2024
INV100639;"External Hard Drive";P1006;10151;6;170.56;1023.36;"Debit Card";UK;8/15/2024
INV100641;"LED Desk Lamp";P1010;10453;6;166.91;1001.46;"Debit Card";India;9/1/2024
INV100642;"LED Desk Lamp";P1010;10001;6;254.84;1529.04;"Net Banking";Germany;5/31/2024
INV100643;"Wireless Mouse";P1001;10329;6;255.74;1534.44;UPI;India;3/7/2023
INV100644;"Noise Cancelling Headphones";P1009;10124;2;259.29;518.58;"Debit Card";USA;3/10/2024
INV100645;"External Hard Drive";P1006;10494;7;165.90;1161.30;"Debit Card";UK;12/10/2023
INV100646;"USB Keyboard";P1002;10137;8;38.02;304.16;PayPal;Australia;7/24/2024
INV100647;"LED Desk Lamp";P1010;10447;3;20.33;60.99;UPI;USA;7/14/2024
INV100648;"USB-C Hub";P1008;10382;7;262.28;1835.96;"Net Banking";France;6/3/2023
INV100649;"Wireless Mouse";P1001;10142;4;228.24;912.96;"Credit Card";Australia;8/2/2023
INV100650;"LED Desk Lamp";P1010;10213;8;42.24;337.92;"Credit Card";France;3/20/2023
INV100651;"Gaming Mousepad";P1007;10488;4;261.82;1047.28;PayPal;India;1/16/2024
INV100653;"Gaming Mousepad";P1007;10386;2;24.24;48.48;"Debit Card";Australia;9/11/2023
INV100654;"Bluetooth Speaker";P1004;10499;8;88.32;706.56;"Credit Card";Australia;7/7/2024
INV100655;"Noise Cancelling Headphones";P1009;10278;3;36.11;108.33;"Credit Card";France;3/11/2024
INV100656;"Noise Cancelling Headphones";P1009;10402;9;122.23;1100.07;"Net Banking";India;3/2/2024
INV100657;"Bluetooth Speaker";P1004;10267;5;289.52;1447.60;UPI;USA;5/18/2024
INV100658;"Gaming Mousepad";P1007;10296;8;89.71;717.68;"Net Banking";USA;4/20/2024
INV100659;"External Hard Drive";P1006;10054;4;86.55;346.20;PayPal;India;3/13/2023
INV100660;"USB-C Hub";P1008;10103;9;121.81;1096.29;"Credit Card";Australia;8/26/2023
INV100661;"Webcam HD";P1005;10453;2;51.60;103.20;"Net Banking";UK;4/12/2024
INV100662;"Wireless Mouse";P1001;10364;2;98.44;196.88;UPI;UK;1/22/2024
INV100663;"External Hard Drive";P1006;10485;3;269.67;809.01;"Credit Card";India;2/9/2023
INV100664;"Laptop Stand";P1003;10100;1;181.44;181.44;PayPal;Germany;6/3/2024
INV100665;"Webcam HD";P1005;10245;5;134.90;674.50;"Credit Card";USA;1/1/2024
INV100666;"Gaming Mousepad";P1007;10394;3;265.31;795.93;"Net Banking";Australia;6/7/2024
INV100667;"Gaming Mousepad";P1007;10108;7;290.30;2032.10;"Credit Card";Australia;7/28/2024
INV100668;"Laptop Stand";P1003;10268;7;41.12;287.84;"Net Banking";Canada;10/31/2024
INV100669;Unknown;P1003;10222;2;53.96;107.92;"Debit Card";France;4/12/2023
INV100670;"USB-C Hub";P1008;10130;7;43.30;303.10;"Credit Card";India;6/20/2024
INV100671;"Webcam HD";P1005;10381;1;13.66;13.66;PayPal;Canada;10/27/2024
INV100672;"LED Desk Lamp";P1010;10476;5;292.17;1460.85;PayPal;Canada;4/20/2024
INV100673;"LED Desk Lamp";P1010;10133;9;246.62;2219.58;"Net Banking";UK;3/9/2024
INV100674;"Laptop Stand";P1003;10394;3;229.08;687.24;Unknown;India;1/12/2024
INV100675;"Laptop Stand";P1003;10212;2;247.38;494.76;"Credit Card";USA;4/1/2024
INV100676;"USB-C Hub";P1008;10075;8;150.79;1206.32;"Debit Card";Canada;5/11/2023
INV100677;"Noise Cancelling Headphones";P1009;10189;5;38.32;191.60;"Net Banking";Germany;8/6/2023
INV100678;"LED Desk Lamp";P1010;10033;1;75.76;75.76;"Net Banking";India;11/22/2024
INV100679;"Wireless Mouse";P1001;10313;9;223.20;2008.80;"Credit Card";India;12/4/2023
INV100680;"LED Desk Lamp";P1010;10272;9;133.47;1201.23;"Debit Card";Canada;10/23/2024
INV100681;"USB-C Hub";P1008;10211;5;242.83;1214.15;"Net Banking";USA;10/16/2023
INV100682;"External Hard Drive";P1006;10155;2;100.91;201.82;UPI;Australia;9/5/2023
INV100683;"USB-C Hub";P1008;10123;7;54.30;380.10;UPI;UK;10/21/2024
INV100684;"Webcam HD";P1005;10190;1;251.93;251.93;"Net Banking";USA;10/1/2024
INV100685;"Laptop Stand";P1003;10190;3;209.77;629.31;PayPal;UK;5/23/2023
INV100686;"Bluetooth Speaker";P1004;10436;5;14.79;73.95;"Debit Card";Germany;9/20/2024
INV100687;"External Hard Drive";P1006;10400;4;281.80;1127.20;PayPal;France;4/4/2024
INV100688;"USB Keyboard";P1002;10209;7;243.18;1702.26;"Debit Card";Canada;7/26/2023
INV100689;"USB-C Hub";P1008;10442;3;3682.93;11048.79;PayPal;Germany;2/11/2024
INV100690;"USB-C Hub";P1008;10141;2;136.88;273.76;Unknown;Australia;7/3/2024
INV100691;"Laptop Stand";P1003;10146;4;117.58;470.32;PayPal;Canada;6/30/2024
INV100692;"External Hard Drive";P1006;10343;4;10.31;41.24;"Debit Card";Australia;2/28/2024
INV100693;"Webcam HD";P1005;10109;6;87.61;525.66;"Debit Card";France;3/24/2023
INV100694;"Laptop Stand";P1003;10200;3;248.68;746.04;PayPal;UK;10/2/2023
INV100695;"External Hard Drive";P1006;10072;4;294.63;1178.52;"Debit Card";USA;3/4/2023
INV100696;"LED Desk Lamp";P1010;10119;7;162.14;1134.98;"Debit Card";USA;2/2/2024
INV100697;"Noise Cancelling Headphones";P1009;10423;6;40.47;242.82;UPI;France;11/6/2024
INV100698;"Noise Cancelling Headphones";P1009;10160;1;76.36;76.36;PayPal;Unknown;11/16/2023
INV100700;"Gaming Mousepad";P1007;10221;5;92.69;463.45;"Debit Card";France;11/30/2023
INV100701;"Webcam HD";P1005;10475;9;19.20;172.80;UPI;France;3/9/2023
INV100702;"Bluetooth Speaker";P1004;10109;8;263.79;2110.32;PayPal;India;9/28/2024
INV100703;"Noise Cancelling Headphones";P1009;10254;6;268.23;1609.38;PayPal;USA;5/7/2023
INV100704;"Webcam HD";P1005;10368;7;161.74;1132.18;UPI;Germany;3/3/2023
INV100705;"Noise Cancelling Headphones";P1009;10049;3;83.99;251.97;"Net Banking";France;5/8/2024
INV100706;"Bluetooth Speaker";P1004;10303;5;158.83;794.15;PayPal;France;11/21/2023
INV100707;"Noise Cancelling Headphones";P1009;10416;4;69.97;279.88;UPI;USA;11/14/2024
INV100708;"USB-C Hub";P1008;10392;5;32.69;163.45;PayPal;USA;3/20/2024
INV100709;"USB Keyboard";P1002;10215;4;261.22;1044.88;"Debit Card";USA;4/26/2024
INV100711;"Laptop Stand";P1003;10014;6;133.21;799.26;PayPal;Australia;7/12/2024
INV100712;"Webcam HD";P1005;10405;9;105.54;949.86;UPI;France;8/27/2024
INV100713;"Noise Cancelling Headphones";P1009;10275;8;284.69;2277.52;"Debit Card";Canada;7/3/2024
INV100714;"Gaming Mousepad";P1007;10310;9;212.28;1910.52;UPI;USA;5/12/2023
INV100715;"External Hard Drive";P1006;10075;7;43.85;306.95;"Net Banking";Canada;2/10/2024
INV100717;"USB-C Hub";P1008;10256;2;144.50;289.00;"Credit Card";USA;12/27/2023
INV100718;"External Hard Drive";P1006;10213;8;192.06;1536.48;PayPal;UK;9/19/2023
INV100719;"Webcam HD";P1005;10267;9;5.86;52.74;PayPal;Canada;7/26/2024
INV100720;"USB-C Hub";P1008;10466;6;18.47;110.82;PayPal;UK;10/9/2024
INV100721;"USB Keyboard";P1002;10240;1;137.89;137.89;PayPal;Canada;9/12/2024
INV100722;"Wireless Mouse";P1001;10431;3;62.85;188.55;"Net Banking";USA;10/18/2023
INV100723;"USB Keyboard";P1002;10188;4;66.06;264.24;"Net Banking";Australia;10/14/2024
INV100724;"USB Keyboard";P1002;10135;6;256.97;1541.82;"Credit Card";UK;7/9/2023
INV100725;"USB Keyboard";P1002;10294;4;36.87;147.48;PayPal;India;8/24/2024
INV100726;"Bluetooth Speaker";P1004;10105;5;134.37;671.85;"Net Banking";Germany;11/14/2023
INV100727;"External Hard Drive";P1006;10304;6;2588.06;15528.36;PayPal;Australia;7/2/2024
INV100728;"USB Keyboard";P1002;10422;9;246.37;2217.33;UPI;India;7/24/2024
INV100729;"Noise Cancelling Headphones";P1009;10191;7;262.90;1840.30;UPI;India;2/1/2024
INV100730;"USB-C Hub";P1008;10045;3;137.93;413.79;PayPal;USA;5/7/2023
INV100731;"Bluetooth Speaker";P1004;10331;1;120.01;120.01;UPI;Canada;1/19/2023
INV100732;"Laptop Stand";P1003;10267;8;272.75;2182.00;UPI;France;4/19/2023
INV100733;Unknown;P1001;10475;1;248.02;248.02;PayPal;India;4/13/2023
INV100734;"LED Desk Lamp";P1010;10342;5;5.46;27.30;UPI;USA;6/23/2023
INV100735;"Bluetooth Speaker";P1004;10449;7;16.96;118.72;"Debit Card";USA;10/19/2024
INV100736;"Bluetooth Speaker";P1004;10419;4;118.23;472.92;PayPal;Australia;9/30/2024
INV100737;"Wireless Mouse";P1001;10423;2;32.22;64.44;PayPal;Germany;2/16/2024
INV100738;"USB Keyboard";P1002;10377;4;270.59;1082.36;PayPal;Australia;11/28/2023
INV100739;"USB-C Hub";P1008;10201;3;109.66;328.98;"Credit Card";USA;4/15/2023
INV100740;"Webcam HD";P1005;10397;2;266.97;533.94;UPI;Germany;9/23/2023
INV100741;"LED Desk Lamp";P1010;10038;2;45.97;91.94;UPI;Canada;1/12/2024
INV100742;"External Hard Drive";P1006;10116;3;218.57;655.71;"Debit Card";France;10/28/2024
INV100743;"Gaming Mousepad";P1007;10399;2;161.35;322.70;"Net Banking";UK;1/22/2024
INV100744;"USB-C Hub";P1008;10418;8;246.90;1975.20;"Debit Card";India;9/25/2023
INV100745;"LED Desk Lamp";P1010;10212;1;29.90;29.90;"Debit Card";Canada;12/23/2023
INV100746;"Webcam HD";P1005;10407;1;68.74;68.74;PayPal;India;10/6/2023
INV100747;"Wireless Mouse";P1001;10437;9;24.88;223.92;"Credit Card";USA;10/4/2023
INV100748;"Noise Cancelling Headphones";P1009;10374;2;124.15;248.30;"Debit Card";Australia;3/4/2024
INV100749;"External Hard Drive";P1006;10029;9;95.36;858.24;UPI;France;9/25/2024
INV100750;"Laptop Stand";P1003;10155;2;118.35;236.70;"Credit Card";Canada;7/14/2023
INV100751;"Bluetooth Speaker";P1004;10074;9;132.14;1189.26;PayPal;USA;12/26/2023
INV100752;"Laptop Stand";P1003;10416;9;13.09;117.81;"Debit Card";Australia;1/15/2024
INV100753;"USB-C Hub";P1008;10155;8;115.49;923.92;"Credit Card";USA;3/15/2024
INV100754;"Webcam HD";P1005;10055;5;195.49;977.45;UPI;France;2/25/2024
INV100755;"Gaming Mousepad";P1007;10274;1;107.03;107.03;UPI;Australia;5/28/2023
INV100756;"USB Keyboard";P1002;10494;2;192.89;385.78;UPI;France;3/2/2024
INV100757;"LED Desk Lamp";P1010;10324;1;34.87;34.87;PayPal;UK;7/29/2024
INV100758;"USB Keyboard";P1002;10439;8;112.56;900.48;"Net Banking";Canada;9/19/2024
INV100759;"External Hard Drive";P1006;10112;6;138.93;833.58;"Credit Card";Unknown;1/23/2024
INV100760;"Noise Cancelling Headphones";P1009;10343;2;148.25;296.50;UPI;Canada;1/11/2024
INV100761;"Bluetooth Speaker";P1004;10154;3;289.39;868.17;"Credit Card";France;10/27/2024
INV100762;"Bluetooth Speaker";P1004;10050;6;278.06;1668.36;"Net Banking";Australia;8/22/2023
INV100763;"USB-C Hub";P1008;10398;2;97.40;194.80;"Debit Card";India;5/5/2023
INV100764;"Wireless Mouse";P1001;10121;5;90.33;451.65;"Credit Card";Canada;4/29/2024
INV100765;"LED Desk Lamp";P1010;10086;5;287.00;1435.00;"Net Banking";Canada;2/4/2023
INV100766;"LED Desk Lamp";P1010;10368;6;182.87;1097.22;UPI;Australia;7/20/2023
INV100767;"USB Keyboard";P1002;10067;4;14.13;56.52;"Debit Card";Germany;10/5/2023
INV100768;"Bluetooth Speaker";P1004;10396;5;50.47;252.35;"Debit Card";France;11/1/2023
INV100769;"LED Desk Lamp";P1010;10342;2;54.66;109.32;"Net Banking";UK;1/14/2024
INV100770;"LED Desk Lamp";P1010;10415;3;110.07;330.21;"Credit Card";India;12/20/2023
INV100771;"Bluetooth Speaker";P1004;10429;3;57.27;171.81;"Debit Card";France;12/7/2023
INV100772;"LED Desk Lamp";P1010;10323;5;290.09;1450.45;PayPal;India;12/25/2023
INV100773;"Noise Cancelling Headphones";P1009;10124;3;53.75;161.25;PayPal;Canada;10/7/2023
INV100774;"Wireless Mouse";P1001;10483;3;49.40;148.20;"Net Banking";Canada;5/19/2023
INV100775;"External Hard Drive";P1006;10251;3;235.80;707.40;"Net Banking";France;4/9/2023
INV100776;"Gaming Mousepad";P1007;10249;2;188.90;377.80;PayPal;France;10/25/2024
INV100777;"USB Keyboard";P1002;10283;3;64.39;193.17;"Credit Card";France;6/3/2024
INV100778;"Webcam HD";P1005;10373;5;145.29;726.45;"Credit Card";India;6/13/2023
INV100779;"LED Desk Lamp";P1010;10116;3;44.05;132.15;UPI;USA;4/1/2023
INV100780;"Gaming Mousepad";P1007;10046;2;218.03;436.06;UPI;UK;11/15/2024
INV100781;"Noise Cancelling Headphones";P1009;10486;6;43.54;261.24;"Net Banking";Australia;1/30/2024
INV100782;"Bluetooth Speaker";P1004;10424;5;239.29;1196.45;PayPal;UK;1/20/2023
INV100783;"Noise Cancelling Headphones";P1009;10153;6;48.89;293.34;"Net Banking";France;5/27/2023
INV100784;"Laptop Stand";P1003;10249;4;259.75;1039.00;"Debit Card";Germany;11/25/2024
INV100785;"USB Keyboard";P1002;10445;4;89.31;357.24;PayPal;Canada;2/21/2024
INV100787;"USB-C Hub";P1008;10091;1;260.35;260.35;UPI;USA;3/23/2023
INV100788;"USB Keyboard";P1002;10162;3;182.62;547.86;PayPal;Germany;12/31/2023
INV100789;"Noise Cancelling Headphones";P1009;10368;9;22.54;202.86;"Debit Card";France;12/3/2023
INV100790;"USB-C Hub";P1008;10062;1;268.46;268.46;PayPal;France;5/27/2023
INV100791;"Webcam HD";P1005;10430;6;80.53;483.18;"Debit Card";Australia;1/13/2023
INV100792;"LED Desk Lamp";P1010;10021;7;10.64;74.48;"Debit Card";India;4/24/2024
INV100793;"USB Keyboard";P1002;10393;6;218.20;1309.20;"Net Banking";Germany;7/19/2024
INV100794;"LED Desk Lamp";P1010;10168;5;110.82;554.10;PayPal;India;7/13/2023
INV100795;"Webcam HD";P1005;10056;8;221.25;1770.00;UPI;UK;10/13/2023
INV100796;"Bluetooth Speaker";P1004;10281;3;299.36;898.08;"Credit Card";Canada;9/21/2023
INV100797;"Webcam HD";P1005;10134;1;31.49;31.49;UPI;Canada;6/25/2024
INV100798;"External Hard Drive";P1006;10036;3;222.67;668.01;PayPal;Canada;1/25/2023
INV100799;"Webcam HD";P1005;10231;1;25.36;25.36;"Debit Card";France;5/21/2023
INV100800;"External Hard Drive";P1006;10200;8;231.83;1854.64;"Credit Card";Canada;5/8/2023
INV100801;"USB-C Hub";P1008;10190;1;254.55;254.55;"Debit Card";USA;7/13/2023
INV100802;Unknown;P1006;10259;8;122.73;981.84;UPI;Australia;1/19/2024
INV100803;"Bluetooth Speaker";P1004;10258;6;95.31;571.86;"Credit Card";UK;8/6/2024
INV100804;"Noise Cancelling Headphones";P1009;10122;2;6.80;13.60;UPI;Canada;3/24/2023
INV100805;"Laptop Stand";P1003;10374;6;93.37;560.22;"Debit Card";Germany;10/18/2024
INV100806;"Bluetooth Speaker";P1004;10357;2;239.38;478.76;"Debit Card";USA;10/17/2024
INV100807;"LED Desk Lamp";P1010;10183;2;26.51;53.02;"Net Banking";India;1/13/2023
INV100808;"LED Desk Lamp";P1010;10381;2;4213.93;8427.86;"Net Banking";France;9/23/2024
INV100809;"External Hard Drive";P1006;10052;7;272.30;1906.10;UPI;Canada;8/19/2023
INV100810;"USB-C Hub";P1008;10157;7;71.68;501.76;"Debit Card";Germany;8/21/2023
INV100811;Unknown;P1010;10052;5;14.93;74.65;"Credit Card";Canada;2/7/2024
INV100812;"Noise Cancelling Headphones";P1009;10336;3;196.11;588.33;"Credit Card";Germany;1/31/2023
INV100814;"LED Desk Lamp";P1010;10147;4;189.31;757.24;PayPal;USA;7/17/2024
INV100815;"Webcam HD";P1005;10365;2;76.37;152.74;"Debit Card";UK;2/16/2024
INV100816;"USB-C Hub";P1008;10029;4;94.44;377.76;"Net Banking";Unknown;1/22/2023
INV100817;"Webcam HD";P1005;10263;4;47.15;188.60;"Debit Card";Australia;4/15/2024
INV100818;"USB Keyboard";P1002;10337;2;123.43;246.86;"Net Banking";France;10/17/2023
INV100819;"Bluetooth Speaker";P1004;10360;8;190.72;1525.76;"Credit Card";France;3/16/2023
INV100820;"Laptop Stand";P1003;10348;1;98.69;98.69;PayPal;Australia;8/29/2023
INV100821;Unknown;P1009;10208;2;86.47;172.94;PayPal;Canada;10/21/2023
INV100822;"Wireless Mouse";P1001;10324;7;177.06;1239.42;UPI;France;1/25/2024
INV100823;"USB-C Hub";P1008;10138;9;29.40;264.60;UPI;UK;10/29/2024
INV100824;"External Hard Drive";P1006;10136;9;111.27;1001.43;"Net Banking";India;10/20/2024
INV100825;"USB Keyboard";P1002;10337;2;97.44;194.88;PayPal;Canada;9/3/2024
INV100826;"Noise Cancelling Headphones";P1009;10197;3;132.98;398.94;PayPal;Australia;6/26/2023
INV100827;"USB-C Hub";P1008;10400;8;289.40;2315.20;UPI;Canada;2/25/2024
INV100828;"USB-C Hub";P1008;10438;7;150.68;1054.76;UPI;France;9/23/2024
INV100829;"Gaming Mousepad";P1007;10012;7;80.00;560.00;"Credit Card";India;8/23/2023
INV100830;"Laptop Stand";P1003;10272;5;289.98;1449.90;UPI;Australia;6/6/2024
INV100831;"LED Desk Lamp";P1010;10200;4;212.25;849.00;UPI;France;8/28/2024
INV100832;"LED Desk Lamp";P1010;10292;5;145.24;726.20;"Credit Card";France;10/13/2024
INV100833;"Laptop Stand";P1003;10358;1;111.21;111.21;"Credit Card";Australia;10/31/2023
INV100834;"Bluetooth Speaker";P1004;10145;9;145.41;1308.69;PayPal;Germany;5/10/2024
INV100835;"Wireless Mouse";P1001;10488;3;114.09;342.27;"Credit Card";India;3/30/2024
INV100836;"Webcam HD";P1005;10030;2;167.86;335.72;UPI;Germany;4/10/2023
INV100837;"Bluetooth Speaker";P1004;10165;2;67.54;135.08;PayPal;USA;11/25/2023
INV100838;"Laptop Stand";P1003;10108;6;264.65;1587.90;"Net Banking";UK;4/10/2023
INV100839;"USB-C Hub";P1008;10392;7;184.29;1290.03;"Debit Card";Germany;6/11/2023
INV100840;"Noise Cancelling Headphones";P1009;10002;8;279.59;2236.72;PayPal;Australia;10/1/2023
INV100841;"Gaming Mousepad";P1007;10027;6;195.23;1171.38;"Net Banking";UK;5/29/2023
INV100842;"Noise Cancelling Headphones";P1009;10355;8;143.11;1144.88;UPI;Germany;3/6/2023
INV100844;"External Hard Drive";P1006;10052;1;37.90;37.90;"Net Banking";Germany;10/11/2024
INV100845;"Webcam HD";P1005;10279;5;1967.56;9837.80;"Credit Card";USA;4/12/2023
INV100846;"Noise Cancelling Headphones";P1009;10137;2;10.70;21.40;"Debit Card";Germany;2/2/2024
INV100847;"Laptop Stand";P1003;10101;3;150.40;451.20;UPI;USA;4/21/2023
INV100848;"USB Keyboard";P1002;10028;1;272.29;272.29;UPI;Canada;6/19/2024
INV100849;"Webcam HD";P1005;10345;9;289.23;2603.07;"Credit Card";USA;7/7/2023
INV100850;"Laptop Stand";P1003;10155;6;229.88;1379.28;UPI;Germany;4/29/2023
INV100851;"LED Desk Lamp";P1010;10459;1;158.78;158.78;"Credit Card";Canada;11/28/2024
INV100852;Unknown;P1003;10174;6;10.00;60.00;Unknown;Germany;11/29/2024
INV100853;"Bluetooth Speaker";P1004;10390;9;40.46;364.14;UPI;Germany;5/14/2023
INV100854;"USB-C Hub";P1008;10441;5;105.83;529.15;"Credit Card";UK;2/24/2023
INV100855;"Laptop Stand";P1003;10011;7;107.69;753.83;"Debit Card";Germany;9/29/2024
INV100856;"Bluetooth Speaker";P1004;10227;5;195.71;978.55;"Credit Card";Unknown;10/8/2024
INV100857;"Bluetooth Speaker";P1004;10263;3;11.96;35.88;"Debit Card";India;11/27/2023
INV100858;"USB-C Hub";P1008;10455;1;183.81;183.81;"Net Banking";USA;5/18/2024
INV100859;"Gaming Mousepad";P1007;10194;6;49.94;299.64;"Credit Card";Australia;9/7/2024
INV100860;"Noise Cancelling Headphones";P1009;10411;9;281.53;2533.77;UPI;USA;8/14/2023
INV100861;"Wireless Mouse";P1001;10089;7;203.13;1421.91;"Net Banking";Australia;5/30/2024
INV100862;"External Hard Drive";P1006;10467;8;4140.76;33126.08;"Debit Card";Germany;8/30/2024
INV100863;"Wireless Mouse";P1001;10277;2;195.15;390.30;PayPal;Australia;6/23/2024
INV100864;"Laptop Stand";P1003;10491;9;65.47;589.23;PayPal;India;3/31/2023
INV100865;"External Hard Drive";P1006;10024;7;46.54;325.78;UPI;India;1/26/2023
INV100866;"Laptop Stand";P1003;10455;3;48.35;145.05;UPI;USA;11/23/2024
INV100867;"Noise Cancelling Headphones";P1009;10458;8;272.39;2179.12;"Debit Card";Germany;2/16/2024
INV100868;"Wireless Mouse";P1001;10101;1;106.83;106.83;"Net Banking";India;7/17/2024
INV100869;"USB-C Hub";P1008;10046;8;218.87;1750.96;"Debit Card";Canada;7/22/2024
INV100870;"Noise Cancelling Headphones";P1009;10083;9;208.55;1876.95;PayPal;France;1/5/2023
INV100871;"Noise Cancelling Headphones";P1009;10053;4;72.92;291.68;UPI;France;9/5/2023
INV100873;"Wireless Mouse";P1001;10293;5;288.88;1444.40;"Credit Card";UK;1/25/2024
INV100874;"Noise Cancelling Headphones";P1009;10201;6;229.45;1376.70;PayPal;France;8/12/2024
INV100875;"Laptop Stand";P1003;10007;3;53.90;161.70;"Credit Card";India;4/3/2023
INV100876;"Noise Cancelling Headphones";P1009;10332;1;45.41;45.41;"Credit Card";USA;11/27/2023
INV100877;"Bluetooth Speaker";P1004;10491;2;256.87;513.74;"Net Banking";Australia;10/29/2024
INV100878;"USB-C Hub";P1008;10354;6;37.12;222.72;"Debit Card";UK;8/2/2024
INV100879;"LED Desk Lamp";P1010;10445;8;214.96;1719.68;"Net Banking";Australia;3/31/2023
INV100880;"USB Keyboard";P1002;10088;9;69.64;626.76;Unknown;Australia;12/23/2023
INV100881;"External Hard Drive";P1006;10357;2;180.10;360.20;"Credit Card";Canada;11/7/2023
INV100882;"USB Keyboard";P1002;10259;6;8.84;53.04;"Credit Card";Canada;1/25/2024
INV100883;"USB Keyboard";P1002;10353;3;220.98;662.94;"Debit Card";Canada;5/5/2023
INV100884;"LED Desk Lamp";P1010;10335;1;288.24;288.24;"Credit Card";Germany;9/2/2023
INV100885;"LED Desk Lamp";P1010;10140;2;290.28;580.56;"Debit Card";India;6/3/2024
INV100886;"Laptop Stand";P1003;10093;8;233.06;1864.48;PayPal;Canada;5/9/2024
INV100887;"USB-C Hub";P1008;10186;1;140.18;140.18;UPI;UK;8/15/2024
INV100888;"Gaming Mousepad";P1007;10085;4;171.70;686.80;"Debit Card";Canada;4/3/2023
INV100889;"LED Desk Lamp";P1010;10100;9;251.45;2263.05;UPI;Australia;7/1/2024
INV100890;"External Hard Drive";P1006;10054;5;70.51;352.55;"Credit Card";Australia;11/18/2023
INV100891;"Webcam HD";P1005;10154;8;243.44;1947.52;"Credit Card";UK;9/4/2024
INV100892;"Webcam HD";P1005;10172;9;123.82;1114.38;UPI;France;10/14/2024
INV100893;"Noise Cancelling Headphones";P1009;10154;4;90.22;360.88;"Credit Card";India;9/4/2023
INV100894;"USB-C Hub";P1008;10088;2;298.01;596.02;"Debit Card";Canada;11/2/2024
INV100895;"Bluetooth Speaker";P1004;10116;7;114.66;802.62;"Debit Card";Canada;2/8/2024
INV100896;"USB Keyboard";P1002;10090;3;22.02;66.06;PayPal;France;12/25/2023
INV100897;"USB Keyboard";P1002;10348;1;237.33;237.33;"Net Banking";Canada;4/26/2023
INV100898;"USB Keyboard";P1002;10323;4;174.28;697.12;"Net Banking";France;3/23/2023
INV100899;"Gaming Mousepad";P1007;10153;1;75.92;75.92;PayPal;Australia;2/27/2023
INV100900;"Wireless Mouse";P1001;10314;4;35.03;140.12;"Credit Card";Canada;9/23/2023
INV100901;"External Hard Drive";P1006;10400;9;16.48;148.32;"Debit Card";USA;7/12/2023
INV100902;"Wireless Mouse";P1001;10196;6;260.70;1564.20;PayPal;France;8/2/2024
INV100903;"LED Desk Lamp";P1010;10075;8;176.13;1409.04;"Debit Card";Germany;4/9/2023
INV100904;"Laptop Stand";P1003;10198;3;88.34;265.02;"Net Banking";Canada;11/30/2024
INV100905;"Webcam HD";P1005;10132;7;284.20;1989.40;"Debit Card";USA;7/5/2024
INV100906;"USB-C Hub";P1008;10398;5;230.12;1150.60;PayPal;USA;3/25/2023
INV100907;"LED Desk Lamp";P1010;10391;2;65.38;130.76;"Net Banking";UK;8/9/2023
INV100908;"External Hard Drive";P1006;10102;9;92.23;830.07;"Net Banking";Germany;4/22/2023
INV100909;"External Hard Drive";P1006;10482;9;112.48;1012.32;UPI;India;9/28/2023
INV100910;"Laptop Stand";P1003;10279;5;140.70;703.50;PayPal;Germany;1/2/2024
INV100911;"Laptop Stand";P1003;10481;8;19.05;152.40;UPI;Australia;6/13/2023
INV100912;"Laptop Stand";P1003;10322;8;109.02;872.16;"Debit Card";India;1/4/2023
INV100913;"LED Desk Lamp";P1010;10180;2;263.39;526.78;UPI;India;4/15/2024
INV100914;"USB Keyboard";P1002;10350;8;90.56;724.48;PayPal;Australia;8/3/2024
INV100915;"Bluetooth Speaker";P1004;10248;5;230.84;1154.20;PayPal;Germany;5/23/2024
INV100916;"Laptop Stand";P1003;10167;6;111.84;671.04;Unknown;Australia;10/11/2024
INV100917;"Wireless Mouse";P1001;10316;7;65.06;455.42;PayPal;Australia;3/26/2023
INV100919;"External Hard Drive";P1006;10498;4;290.22;1160.88;"Net Banking";Australia;2/7/2023
INV100920;"Bluetooth Speaker";P1004;10313;4;223.86;895.44;"Net Banking";UK;12/9/2023
INV100921;"LED Desk Lamp";P1010;10111;2;269.33;538.66;PayPal;Germany;6/20/2024
INV100922;"Wireless Mouse";P1001;10495;3;58.58;175.74;"Net Banking";Germany;1/17/2024
INV100923;"Laptop Stand";P1003;10212;6;1881.95;11291.70;"Debit Card";UK;1/22/2023
INV100924;"Noise Cancelling Headphones";P1009;10058;6;179.24;1075.44;"Credit Card";Germany;9/29/2023
INV100925;"Noise Cancelling Headphones";P1009;10031;7;165.63;1159.41;"Debit Card";Germany;7/21/2023
INV100926;"USB Keyboard";P1002;10464;2;235.29;470.58;"Debit Card";France;6/4/2024
INV100927;"Gaming Mousepad";P1007;10435;6;83.27;499.62;UPI;Canada;7/13/2024
INV100928;"USB-C Hub";P1008;10240;9;43.33;389.97;"Debit Card";Canada;4/12/2023
INV100929;"Laptop Stand";P1003;10291;1;214.00;214.00;"Net Banking";USA;7/16/2024
INV100930;"Laptop Stand";P1003;10193;1;280.21;280.21;PayPal;India;3/29/2023
INV100931;"Noise Cancelling Headphones";P1009;10378;8;58.16;465.28;"Credit Card";USA;2/27/2024
INV100932;"External Hard Drive";P1006;10377;6;276.69;1660.14;UPI;Germany;2/11/2024
INV100933;"Laptop Stand";P1003;10080;7;255.89;1791.23;PayPal;France;11/9/2023
INV100934;"LED Desk Lamp";P1010;10072;2;243.09;486.18;"Debit Card";USA;4/21/2024
INV100935;"Wireless Mouse";P1001;10244;6;104.01;624.06;PayPal;Canada;11/4/2023
INV100936;"USB-C Hub";P1008;10075;3;40.07;120.21;"Net Banking";Germany;7/14/2024
INV100937;"Laptop Stand";P1003;10270;7;167.05;1169.35;UPI;India;4/18/2024
INV100938;"Gaming Mousepad";P1007;10451;4;236.93;947.72;"Credit Card";USA;5/8/2023
INV100939;"Laptop Stand";P1003;10371;2;9.74;19.48;UPI;Germany;2/12/2023
INV100940;"USB-C Hub";P1008;10161;3;8.37;25.11;"Net Banking";Canada;9/27/2023
INV100941;"External Hard Drive";P1006;10412;7;74.32;520.24;PayPal;Canada;11/11/2023
INV100942;"Wireless Mouse";P1001;10338;3;213.33;639.99;"Debit Card";India;6/17/2023
INV100943;"Noise Cancelling Headphones";P1009;10335;5;153.91;769.55;PayPal;Germany;10/10/2023
INV100944;"Wireless Mouse";P1001;10319;6;39.96;239.76;UPI;France;8/28/2023
INV100945;"USB-C Hub";P1008;10378;3;285.98;857.94;PayPal;Australia;8/14/2024
INV100946;"Laptop Stand";P1003;10427;9;51.40;462.60;"Credit Card";Canada;3/27/2024
INV100947;"Laptop Stand";P1003;10370;7;98.38;688.66;"Net Banking";USA;1/22/2023
INV100948;"Gaming Mousepad";P1007;10205;9;240.02;2160.18;"Debit Card";Australia;6/2/2024
INV100949;"USB-C Hub";P1008;10271;8;280.91;2247.28;"Debit Card";Australia;9/17/2024
INV100950;"USB Keyboard";P1002;10499;7;272.30;1906.10;PayPal;India;7/29/2023
INV100951;"Gaming Mousepad";P1007;10011;8;20.29;162.32;"Net Banking";USA;4/23/2023
INV100952;"Noise Cancelling Headphones";P1009;10139;5;95.50;477.50;"Debit Card";Canada;10/10/2023
INV100953;"Laptop Stand";P1003;10056;1;280.82;280.82;UPI;Germany;5/31/2024
INV100954;"Webcam HD";P1005;10032;5;25.16;125.80;"Credit Card";USA;2/28/2023
INV100957;"Bluetooth Speaker";P1004;10390;1;194.31;194.31;PayPal;India;11/24/2024
INV100958;"LED Desk Lamp";P1010;10247;7;2673.34;18713.38;PayPal;Australia;4/21/2024
INV100959;"Bluetooth Speaker";P1004;10318;4;86.97;347.88;"Debit Card";India;12/4/2023
INV100960;"Wireless Mouse";P1001;10061;9;294.21;2647.89;"Credit Card";India;8/6/2023
INV100961;"USB Keyboard";P1002;10324;1;35.42;35.42;PayPal;Canada;7/23/2024
INV100962;"LED Desk Lamp";P1010;10467;9;222.68;2004.12;UPI;Canada;4/18/2024
INV100963;"Wireless Mouse";P1001;10203;9;65.31;587.79;"Credit Card";Germany;11/19/2024
INV100964;"Gaming Mousepad";P1007;10344;7;82.96;580.72;UPI;India;4/8/2023
INV100965;"External Hard Drive";P1006;10279;3;84.22;252.66;"Credit Card";Canada;9/27/2024
INV100966;"USB Keyboard";P1002;10294;6;290.72;1744.32;"Net Banking";India;3/14/2024
INV100967;"LED Desk Lamp";P1010;10437;6;25.16;150.96;UPI;Canada;7/6/2024
INV100968;"Webcam HD";P1005;10482;4;181.72;726.88;PayPal;USA;8/18/2024
INV100969;"LED Desk Lamp";P1010;10206;2;83.88;167.76;"Debit Card";France;5/14/2023
INV100970;"LED Desk Lamp";P1010;10325;9;213.46;1921.14;"Credit Card";India;7/13/2024
INV100971;"USB-C Hub";P1008;10257;9;160.10;1440.90;PayPal;France;2/28/2023
INV100972;"Gaming Mousepad";P1007;10472;4;284.29;1137.16;"Debit Card";Australia;6/3/2023
INV100973;"Wireless Mouse";P1001;10434;5;283.70;1418.50;UPI;India;10/23/2024
INV100975;"External Hard Drive";P1006;10368;9;19.89;179.01;"Debit Card";France;3/24/2024
INV100976;"Bluetooth Speaker";P1004;10163;4;281.20;1124.80;"Credit Card";Germany;5/17/2023
INV100977;"Laptop Stand";P1003;10072;3;287.49;862.47;UPI;Canada;2/24/2024
INV100978;Unknown;P1008;10329;6;293.22;1759.32;PayPal;France;10/18/2024
INV100979;"Webcam HD";P1005;10418;2;224.13;448.26;"Debit Card";India;11/20/2024
INV100980;"LED Desk Lamp";P1010;10408;4;225.77;903.08;"Credit Card";UK;5/7/2023
INV100981;"Laptop Stand";P1003;10410;4;133.15;532.60;PayPal;Australia;3/14/2023
INV100982;"Laptop Stand";P1003;10376;3;178.89;536.67;UPI;France;2/12/2023
INV100983;"External Hard Drive";P1006;10492;9;76.40;687.60;UPI;USA;7/31/2023
INV100984;"USB-C Hub";P1008;10110;8;197.93;1583.44;"Credit Card";USA;5/31/2023
INV100985;"External Hard Drive";P1006;10224;4;9.05;36.20;PayPal;Germany;7/28/2024
INV100986;"Wireless Mouse";P1001;10431;9;9.66;86.94;"Net Banking";UK;10/26/2023
INV100987;"Noise Cancelling Headphones";P1009;10433;2;23.45;46.90;PayPal;India;3/2/2023
INV100988;"Laptop Stand";P1003;10330;3;68.53;205.59;PayPal;France;6/10/2023
INV100989;"USB Keyboard";P1002;10037;2;2332.14;4664.28;"Credit Card";Canada;12/4/2023
INV100990;"External Hard Drive";P1006;10076;3;150.58;451.74;UPI;Australia;11/15/2023
INV100991;"Wireless Mouse";P1001;10237;8;64.08;512.64;"Debit Card";UK;8/25/2024
INV100992;"Bluetooth Speaker";P1004;10208;8;25.20;201.60;"Credit Card";Australia;5/4/2024
INV100994;"Noise Cancelling Headphones";P1009;10036;7;84.31;590.17;"Debit Card";UK;11/24/2024
INV100995;"Webcam HD";P1005;10340;9;15.33;137.97;PayPal;UK;7/6/2023
INV100996;"USB-C Hub";P1008;10122;2;190.92;381.84;"Credit Card";India;12/29/2023
INV100997;"Gaming Mousepad";P1007;10113;6;131.14;786.84;PayPal;Canada;2/24/2024
INV100998;"USB-C Hub";P1008;10353;5;236.28;1181.40;PayPal;Unknown;6/13/2024
INV100999;"USB Keyboard";P1002;10184;6;236.60;1419.60;"Credit Card";USA;11/28/2024
INV101000;"USB-C Hub";P1008;10060;4;179.12;716.48;"Net Banking";France;5/15/2023
INV101001;"USB-C Hub";P1008;10128;6;13.35;80.10;UPI;Canada;7/26/2023
INV101002;"External Hard Drive";P1006;10384;7;215.32;1507.24;UPI;France;5/1/2023
INV101003;"USB-C Hub";P1008;10496;6;52.05;312.30;"Net Banking";Germany;10/6/2024
INV101004;"Laptop Stand";P1003;10302;5;225.30;1126.50;"Credit Card";Canada;9/12/2024
INV101005;"Gaming Mousepad";P1007;10128;4;136.63;546.52;"Credit Card";Australia;3/10/2023
INV101006;"Webcam HD";P1005;10311;4;277.75;1111.00;"Debit Card";Canada;10/10/2023
INV101007;"Noise Cancelling Headphones";P1009;10318;7;80.19;561.33;PayPal;USA;3/2/2023
INV101008;"Gaming Mousepad";P1007;10301;4;262.43;1049.72;"Debit Card";Canada;11/7/2023
INV101009;"Laptop Stand";P1003;10109;7;286.08;2002.56;"Net Banking";Canada;7/1/2024
INV101010;"USB Keyboard";P1002;10368;1;154.16;154.16;"Net Banking";France;4/7/2023
INV101011;"Laptop Stand";P1003;10498;5;271.55;1357.75;PayPal;Australia;1/6/2023
INV101012;"Gaming Mousepad";P1007;10117;3;107.92;323.76;"Debit Card";USA;2/29/2024
INV101014;"USB-C Hub";P1008;10312;7;141.24;988.68;"Debit Card";USA;2/18/2024
INV101015;"External Hard Drive";P1006;10164;6;92.30;553.80;UPI;Germany;8/27/2023
INV101016;"USB Keyboard";P1002;10371;7;57.88;405.16;"Debit Card";France;7/11/2024
INV101017;"Webcam HD";P1005;10103;7;131.73;922.11;PayPal;India;9/4/2023
INV101018;"External Hard Drive";P1006;10107;5;217.03;1085.15;PayPal;Germany;10/7/2024
INV101019;"Gaming Mousepad";P1007;10413;2;92.55;185.10;PayPal;Germany;10/16/2023
INV101020;"Bluetooth Speaker";P1004;10425;1;127.19;127.19;UPI;Germany;2/20/2024
INV101021;"Gaming Mousepad";P1007;10494;3;76.25;228.75;"Credit Card";USA;10/11/2024
INV101022;"USB Keyboard";P1002;10027;3;70.60;211.80;"Net Banking";Australia;8/22/2023
INV101023;"Laptop Stand";P1003;10146;7;22.03;154.21;PayPal;Germany;5/7/2023
INV101024;"Gaming Mousepad";P1007;10151;6;69.77;418.62;"Net Banking";France;2/16/2024
INV101025;"Gaming Mousepad";P1007;10174;8;295.94;2367.52;"Net Banking";Canada;5/17/2023
INV101026;"Bluetooth Speaker";P1004;10194;1;131.54;131.54;UPI;Canada;1/19/2023
INV101027;"Wireless Mouse";P1001;10412;8;212.13;1697.04;PayPal;India;3/24/2024
INV101028;"USB-C Hub";P1008;10245;2;101.63;203.26;UPI;Canada;5/21/2023
INV101029;"USB-C Hub";P1008;10204;1;191.27;191.27;"Net Banking";USA;8/27/2023
INV101030;"USB Keyboard";P1002;10412;1;151.23;151.23;"Credit Card";Canada;11/13/2023
INV101031;"External Hard Drive";P1006;10016;7;47.14;329.98;PayPal;Germany;10/9/2023
INV101032;"External Hard Drive";P1006;10450;7;38.71;270.97;"Debit Card";UK;11/1/2023
INV101033;"Wireless Mouse";P1001;10308;7;233.03;1631.21;PayPal;France;4/13/2023
INV101034;"Webcam HD";P1005;10170;1;10.35;10.35;UPI;India;6/12/2024
INV101035;"LED Desk Lamp";P1010;10206;9;203.61;1832.49;UPI;India;1/22/2024
INV101036;"Webcam HD";P1005;10143;5;70.46;352.30;"Credit Card";India;1/15/2024
INV101037;"LED Desk Lamp";P1010;10119;9;220.74;1986.66;UPI;Germany;3/14/2023
